activity,runtimePoolType,runtimePool,studyMode,runtimePattern,runtimeFlight,runtimeVocabLevel,operationalStatus,cleanupDisposition,authoredRows,uniqueWords,viableRows,viableWords,protectedRows,protectedWords,inactiveRows,viableWordList,protectedWordList
Break It Apart,generated-study-flight-vocab-pool,Break It Apart · combinations · Flight B · vocab:academic,combinations,,B,academic,VIABLE,NO_PROTECTED_SOURCE_ROWS,14,14,14,14,0,0,0,biologist | construct | constructive | eruption | geographic | geological | geology | graphical | interaction | motion | nonverbal | perspective | transform | visual,
Break It Apart,generated-study-flight-vocab-pool,Break It Apart · combinations · Flight B · vocab:familiar,combinations,,B,familiar,VIABLE,NO_PROTECTED_SOURCE_ROWS,3,3,3,3,0,0,0,active | activity | predict,
Break It Apart,generated-study-flight-vocab-pool,Break It Apart · combinations · Flight C · vocab:academic,combinations,,C,academic,VIABLE,NO_PROTECTED_SOURCE_ROWS,24,24,24,24,0,0,0,autobiographical | autonomous | biodegradable | biological | convention | convert | credibility | credible | dermatology | incredible | international | microscopic | phonological | projection | revise | sequence | subterranean | territorial | transcribe | transformation | transmitted | transportation | vocalist | vocalize,
Break It Apart,generated-study-flight-vocab-pool,Break It Apart · combinations · Flight C · vocab:challenge,combinations,,C,challenge,VIABLE,NO_PROTECTED_SOURCE_ROWS,1,1,1,1,0,0,0,circumnavigation,
Break It Apart,generated-study-flight-vocab-pool,Break It Apart · combinations · Flight C · vocab:familiar,combinations,,C,familiar,VIABLE,NO_PROTECTED_SOURCE_ROWS,1,1,1,1,0,0,0,project,
Break It Apart,generated-study-flight-vocab-pool,Break It Apart · prefixes · Flight A · vocab:challenge,prefixes,,A,challenge,VIABLE,NO_PROTECTED_SOURCE_ROWS,3,3,3,3,0,0,0,foretell | misfire | subsoil,
Break It Apart,generated-study-flight-vocab-pool,Break It Apart · prefixes · Flight A · vocab:familiar,prefixes,,A,familiar,VIABLE,NO_PROTECTED_SOURCE_ROWS,22,22,22,22,0,0,0,forecast | forehead | midday | midfield | misread | mistake | nonfiction | nonstop | overhead | overuse | precook | preschool | return | rewrite | submarine | unclear | undercook | underground | underpaid | unlock | unsafe | untie,
Break It Apart,generated-study-flight-vocab-pool,Break It Apart · prefixes · Flight B · vocab:academic,prefixes,,B,academic,VIABLE,NO_PROTECTED_SOURCE_ROWS,9,9,9,9,0,0,0,embed | empower | encircle | enrich | inbound | irregular | semifinal | submerge | subset,
Break It Apart,generated-study-flight-vocab-pool,Break It Apart · prefixes · Flight B · vocab:familiar,prefixes,,B,familiar,VIABLE,NO_PROTECTED_SOURCE_ROWS,8,8,8,8,0,0,0,connect | defrost | detach | illegal | proceed | promote | superhero | superhuman,
Break It Apart,generated-study-flight-vocab-pool,Break It Apart · prefixes · Flight C · vocab:academic,prefixes,,C,academic,VIABLE,NO_PROTECTED_SOURCE_ROWS,2,2,2,2,0,0,0,misinterpret | nonlinear,
Break It Apart,generated-study-flight-vocab-pool,Break It Apart · prefixes · Flight C · vocab:challenge,prefixes,,C,challenge,VIABLE,NO_PROTECTED_SOURCE_ROWS,3,3,3,3,0,0,0,adjoin | circumscribe | retrofit,
Break It Apart,generated-study-flight-vocab-pool,Break It Apart · roots · Flight B · vocab:academic,roots,,B,academic,VIABLE,NO_PROTECTED_SOURCE_ROWS,9,9,9,9,0,0,0,biography | geography | instruct | millimeter | rupture | scripted | structure | telegraph | thermostat,
Break It Apart,generated-study-flight-vocab-pool,Break It Apart · roots · Flight B · vocab:familiar,roots,,B,familiar,VIABLE,NO_PROTECTED_SOURCE_ROWS,12,12,12,12,0,0,0,autobiography | autograph | automatic | describe | dictionary | porter | reform | support | telephone | television | video | vision,
Break It Apart,generated-study-flight-vocab-pool,Break It Apart · roots · Flight C · vocab:academic,roots,,C,academic,VIABLE,NO_PROTECTED_SOURCE_ROWS,7,7,7,7,0,0,0,autonomy | bibliography | pendulum | phoneme | propel | repel | superstructure,
Break It Apart,generated-study-flight-vocab-pool,Break It Apart · roots · Flight C · vocab:challenge,roots,,C,challenge,VIABLE,NO_PROTECTED_SOURCE_ROWS,4,4,4,4,0,0,0,bibliographic | bibliophile | phonograph | tenable,
Break It Apart,generated-study-flight-vocab-pool,Break It Apart · roots · Flight C · vocab:familiar,roots,,C,familiar,VIABLE,NO_PROTECTED_SOURCE_ROWS,5,5,5,5,0,0,0,attract | credit | pendant | prevent | refer,
Break It Apart,generated-study-flight-vocab-pool,Break It Apart · suffixes · Flight A · vocab:familiar,suffixes,,A,familiar,VIABLE,NO_PROTECTED_SOURCE_ROWS,29,29,29,29,0,0,0,action | books | boxes | careful | carefully | cloudless | darkness | dogs | endless | enjoyment | fastest | happiness | harmless | helped | jumped | jumping | painless | painted | playful | quickly | running | sleeping | slowly | strongest | tallest | useless | walked | writer | writing,
Break It Apart,generated-study-flight-vocab-pool,Break It Apart · suffixes · Flight B · vocab:familiar,suffixes,,B,familiar,VIABLE,NO_PROTECTED_SOURCE_ROWS,12,12,12,12,0,0,0,artist | beautify | dangerous | famous | joyous | movement | musical | natural | organize | pianist | realize | sleepless,
Break It Apart,generated-study-flight-vocab-pool,Break It Apart · suffixes · Flight C · vocab:academic,suffixes,,C,academic,VIABLE,NO_PROTECTED_SOURCE_ROWS,6,6,6,6,0,0,0,biodiversity | dependence | existence | performance | persistence | resistant,
Build Words,build-pattern-flight-vocab-pool,Build Words · prefix+root · Flight B · vocab:academic,combinations,prefix+root,B,academic,VIABLE_ONE_WORD_AFTER_PROTECTION,PROTECTED_REMOVAL_LEAVES_ONE_VIABLE_WORD,4,4,1,1,3,3,0,construct,import | inspect | interrupt
Build Words,build-pattern-flight-vocab-pool,Build Words · prefix+root · Flight B · vocab:familiar,combinations,prefix+root,B,familiar,INTENTIONALLY_UNAVAILABLE,INTENTIONAL_NA_NO_AUTHORED_SOURCE,0,0,0,0,0,0,0,,
Build Words,build-pattern-flight-vocab-pool,Build Words · prefix+root · Flight C · vocab:academic,combinations,prefix+root,C,academic,VIABLE_ONE_WORD_AFTER_PROTECTION,PROTECTED_REMOVAL_LEAVES_ONE_VIABLE_WORD,5,5,1,1,4,4,0,convert,abduct | emit | reject | transmit
Build Words,build-pattern-flight-vocab-pool,Build Words · prefix+root · Flight C · vocab:familiar,combinations,prefix+root,C,familiar,VIABLE,NO_PROTECTED_SOURCE_ROWS,1,1,1,1,0,0,0,project,
Build Words,build-pattern-flight-vocab-pool,Build Words · prefix+root+suffix · Flight B · vocab:academic,combinations,prefix+root+suffix,B,academic,VIABLE_ONE_WORD_AFTER_PROTECTION,PROTECTED_REMOVAL_LEAVES_ONE_VIABLE_WORD,3,3,1,1,2,2,0,nonverbal,inactive | inspector
Build Words,build-pattern-flight-vocab-pool,Build Words · prefix+root+suffix · Flight C · vocab:academic,combinations,prefix+root+suffix,C,academic,VIABLE,NO_PROTECTED_SOURCE_ROWS,5,5,5,5,0,0,0,convention | extraction | incredible | international | projection,
Build Words,build-pattern-flight-vocab-pool,Build Words · root+suffix · Flight A · vocab:familiar,combinations,root+suffix,A,familiar,VIABLE_AFTER_PROTECTION,POOL_REMAINS_VIABLE_AFTER_PROTECTED_REMOVAL,12,12,7,7,5,5,0,books | boxes | fastest | jumped | jumping | quickly | taller,helpful | hopeless | kindness | readable | teacher
Build Words,build-pattern-flight-vocab-pool,Build Words · root+suffix · Flight B · vocab:academic,combinations,root+suffix,B,academic,VIABLE_ONE_WORD_AFTER_PROTECTION,PROTECTED_REMOVAL_LEAVES_ONE_VIABLE_WORD,5,5,1,1,4,4,0,scripted,classify | inspector | modernize | poetic
Build Words,build-pattern-flight-vocab-pool,Build Words · root+suffix · Flight B · vocab:familiar,combinations,root+suffix,B,familiar,VIABLE_AFTER_PROTECTION,POOL_REMAINS_VIABLE_AFTER_PROTECTED_REMOVAL,7,7,5,5,2,2,0,active | artist | dangerous | movement | musical,portable | visible
Build Words,build-pattern-flight-vocab-pool,Build Words · root+suffix · Flight C · vocab:academic,combinations,root+suffix,C,academic,VIABLE_AFTER_PROTECTION,POOL_REMAINS_VIABLE_AFTER_PROTECTED_REMOVAL,8,8,6,6,2,2,0,credible | dependence | existence | performance | persistence | sequence,audible | chronology
Change It,whole-question,Change It · Flight A · family:book → books → booked → booking,combinations,,A,familiar,VIABLE,NO_PROTECTED_SOURCE_ROWS,4,4,4,4,0,0,0,book | booked | booking | books,
Change It,whole-question,Change It · Flight A · family:box → boxes → boxed → boxing,combinations,,A,familiar,VIABLE,NO_PROTECTED_SOURCE_ROWS,4,4,4,4,0,0,0,box | boxed | boxes | boxing,
Change It,whole-question,Change It · Flight A · family:fast → faster → fastest → fastness,combinations,,A,familiar,VIABLE,NO_PROTECTED_SOURCE_ROWS,4,4,4,4,0,0,0,fast | faster | fastest | fastness,
Change It,whole-question,Change It · Flight A · family:jump → jumped → jumping → jumper,combinations,,A,familiar,VIABLE,NO_PROTECTED_SOURCE_ROWS,8,4,8,4,0,0,0,jump | jumped | jumper | jumping,
Change It,whole-question,Change It · Flight A · family:quick → quicker → quickly → quickness,combinations,,A,familiar,VIABLE,NO_PROTECTED_SOURCE_ROWS,4,4,4,4,0,0,0,quick | quicker | quickly | quickness,
Change It,whole-question,Change It · Flight A · family:tall → taller → tallest → tallness,combinations,,A,familiar,VIABLE,NO_PROTECTED_SOURCE_ROWS,4,4,4,4,0,0,0,tall | taller | tallest | tallness,
Change It,whole-question,Change It · Flight B · family:act → action → active → actively,combinations,,B,familiar,VIABLE,NO_PROTECTED_SOURCE_ROWS,8,4,8,4,0,0,0,act | action | active | actively,
Change It,whole-question,Change It · Flight B · family:art → artist → artistic → artistically,combinations,,B,familiar,VIABLE,NO_PROTECTED_SOURCE_ROWS,4,4,4,4,0,0,0,art | artist | artistic | artistically,
Change It,whole-question,Change It · Flight B · family:danger → dangerous → dangerously → endanger,combinations,,B,familiar,VIABLE,NO_PROTECTED_SOURCE_ROWS,4,4,4,4,0,0,0,danger | dangerous | dangerously | endanger,
Change It,whole-question,Change It · Flight B · family:move → movement → moving → movable,combinations,,B,familiar,VIABLE,NO_PROTECTED_SOURCE_ROWS,4,4,4,4,0,0,0,movable | move | movement | moving,
Change It,whole-question,Change It · Flight B · family:music → musical → musician → musically,combinations,,B,familiar,VIABLE,NO_PROTECTED_SOURCE_ROWS,4,4,4,4,0,0,0,music | musical | musically | musician,
Change It,whole-question,Change It · Flight C · family:credit → credible → credibility → credibly,combinations,,C,academic,VIABLE,NO_PROTECTED_SOURCE_ROWS,8,4,8,4,0,0,0,credibility | credible | credibly | credit,
Change It,whole-question,Change It · Flight C · family:exist → existing → existence → existent,combinations,,C,academic,VIABLE,NO_PROTECTED_SOURCE_ROWS,4,4,4,4,0,0,0,exist | existence | existent | existing,
Change It,whole-question,Change It · Flight C · family:perform → performer → performance → performing,combinations,,C,academic,VIABLE,NO_PROTECTED_SOURCE_ROWS,4,4,4,4,0,0,0,perform | performance | performer | performing,
Change It,whole-question,Change It · Flight C · family:persist → persistent → persistence → persistently,combinations,,C,academic,VIABLE,NO_PROTECTED_SOURCE_ROWS,4,4,4,4,0,0,0,persist | persistence | persistent | persistently,
Change It,whole-question,Change It · Flight C · family:predict → prediction → predictive,combinations,,C,academic,VIABLE,NO_PROTECTED_SOURCE_ROWS,8,4,8,4,0,0,0,predict | predicted | prediction | predictive,
Change It,whole-question,Change It · Flight C · family:vocal → vocalist → vocalize → vocally,combinations,,C,academic,VIABLE,NO_PROTECTED_SOURCE_ROWS,8,4,8,4,0,0,0,vocal | vocalist | vocalize | vocally,
Figure It Out,study-flight-vocab-pool,Figure It Out · prefixes · Flight A · vocab:challenge,prefixes,,A,challenge,VIABLE,NO_PROTECTED_SOURCE_ROWS,1,1,1,1,0,0,0,subsoil,
Figure It Out,study-flight-vocab-pool,Figure It Out · prefixes · Flight A · vocab:familiar,prefixes,,A,familiar,VIABLE_AFTER_PROTECTION,POOL_REMAINS_VIABLE_AFTER_PROTECTED_REMOVAL,12,12,6,6,6,6,0,forecast | forehead | midday | overuse | undercook | underground,disagree | midpoint | overcook | preview | rebuild | unhappy
Figure It Out,study-flight-vocab-pool,Figure It Out · prefixes · Flight B · vocab:academic,prefixes,,B,academic,VIABLE_AFTER_PROTECTION,POOL_REMAINS_VIABLE_AFTER_PROTECTED_REMOVAL,9,9,8,8,1,1,0,antisocial | circumference | destruction | destructive | encircle | enrich | nonverbal | semifinal,miscalculate
Figure It Out,study-flight-vocab-pool,Figure It Out · prefixes · Flight B · vocab:academic | familiar,prefixes,,B,academic | familiar,VIABLE,NO_PROTECTED_SOURCE_ROWS,1,1,1,1,0,0,0,antifreeze,
Figure It Out,study-flight-vocab-pool,Figure It Out · prefixes · Flight B · vocab:familiar,prefixes,,B,familiar,VIABLE_AFTER_PROTECTION,POOL_REMAINS_VIABLE_AFTER_PROTECTED_REMOVAL,4,4,2,2,2,2,0,superhero | superhuman,export | transport
Figure It Out,study-flight-vocab-pool,Figure It Out · prefixes · Flight C · vocab:academic,prefixes,,C,academic,VIABLE_AFTER_PROTECTION,POOL_REMAINS_VIABLE_AFTER_PROTECTED_REMOVAL,8,8,5,5,3,3,0,circumnavigate | disruption | international | misinterpret | nonlinear,abduct | retroactive | retrospect
Figure It Out,study-flight-vocab-pool,Figure It Out · prefixes · Flight C · vocab:challenge,prefixes,,C,challenge,VIABLE,NO_PROTECTED_SOURCE_ROWS,1,1,1,1,0,0,0,adjoin,
Figure It Out,study-flight-vocab-pool,Figure It Out · prefixes · Flight C · vocab:familiar,prefixes,,C,familiar,VIABLE,NO_PROTECTED_SOURCE_ROWS,1,1,1,1,0,0,0,project,
Figure It Out,study-flight-vocab-pool,Figure It Out · roots · Flight B · vocab:academic,roots,,B,academic,VIABLE_AFTER_PROTECTION,POOL_REMAINS_VIABLE_AFTER_PROTECTED_REMOVAL,21,20,15,14,6,6,0,biography | geography | metric | microorganism | microscope | millimeter | motion | perspective | phonics | structure | telegraph | thermal | thermostat | transform,dictate | disrupt | manuscript | phonology | reconstruct | spectator
Figure It Out,study-flight-vocab-pool,Figure It Out · roots · Flight B · vocab:familiar,roots,,B,familiar,VIABLE_AFTER_PROTECTION,POOL_REMAINS_VIABLE_AFTER_PROTECTED_REMOVAL,5,4,4,3,1,1,0,autobiography | autograph | telescope,portable
Figure It Out,study-flight-vocab-pool,Figure It Out · roots · Flight C · vocab:academic,roots,,C,academic,VIABLE_AFTER_PROTECTION,POOL_REMAINS_VIABLE_AFTER_PROTECTED_REMOVAL,31,30,22,21,9,9,0,bibliography | compel | compose | convert | credible | dermal | detention | distraction | position | propel | retention | revise | sequence | subterranean | suspend | terrain | territory | transcribe | transportation | valid | vocalist,abduct | auditory | chronology | dermatitis | detract | reject | retractable | subsequent | transmit
Figure It Out,study-flight-vocab-pool,Figure It Out · roots · Flight C · vocab:familiar,roots,,C,familiar,VIABLE,NO_PROTECTED_SOURCE_ROWS,5,5,5,5,0,0,0,attract | pendant | refer | transfer | value,
Figure It Out,study-flight-vocab-pool,Figure It Out · suffixes · Flight A · vocab:familiar,suffixes,,A,familiar,VIABLE_AFTER_PROTECTION,POOL_REMAINS_VIABLE_AFTER_PROTECTED_REMOVAL,11,11,7,7,4,4,0,books | boxes | fastest | jumped | jumping | slowly | taller,fearless | hopeful | teacher | washable
Figure It Out,study-flight-vocab-pool,Figure It Out · suffixes · Flight B · vocab:academic,suffixes,,B,academic,VIABLE_ONE_WORD_AFTER_PROTECTION,PROTECTED_REMOVAL_LEAVES_ONE_VIABLE_WORD,2,2,1,1,1,1,0,prediction,inspector
Figure It Out,study-flight-vocab-pool,Figure It Out · suffixes · Flight B · vocab:familiar,suffixes,,B,familiar,VIABLE_AFTER_PROTECTION,POOL_REMAINS_VIABLE_AFTER_PROTECTED_REMOVAL,4,4,3,3,1,1,0,activity | dangerous | movement,visible
Figure It Out,study-flight-vocab-pool,Figure It Out · suffixes · Flight C · vocab:academic,suffixes,,C,academic,VIABLE_ONE_WORD_AFTER_PROTECTION,PROTECTED_REMOVAL_LEAVES_ONE_VIABLE_WORD,3,3,1,1,2,2,0,credible,construction | dependent
Figure It Out,study-flight-vocab-pool,Figure It Out · suffixes · Flight C · vocab:familiar,suffixes,,C,familiar,VIABLE_ONE_WORD_AFTER_PROTECTION,PROTECTED_REMOVAL_LEAVES_ONE_VIABLE_WORD,2,2,1,1,1,1,0,production,assistant
Find,study-flight-vocab-pool,Find · prefixes · Flight A · vocab:familiar,prefixes,,A,familiar,VIABLE_AFTER_PROTECTION,POOL_REMAINS_VIABLE_AFTER_PROTECTED_REMOVAL,5,5,2,2,3,3,0,misread | submarine,preview | rebuild | unhappy
Find,study-flight-vocab-pool,Find · prefixes · Flight B · vocab:academic,prefixes,,B,academic,VIABLE_ONE_WORD_AFTER_PROTECTION,PROTECTED_REMOVAL_LEAVES_ONE_VIABLE_WORD,2,2,1,1,1,1,0,irregular,inactive
Find,study-flight-vocab-pool,Find · prefixes · Flight B · vocab:familiar,prefixes,,B,familiar,VIABLE_ONE_WORD_AFTER_PROTECTION,PROTECTED_REMOVAL_LEAVES_ONE_VIABLE_WORD,5,5,1,1,4,4,0,illegal,exhale | impossible | semicircle | transport
Find,study-flight-vocab-pool,Find · roots · Flight B · vocab:academic,roots,,B,academic,VIABLE_AFTER_PROTECTION,POOL_REMAINS_VIABLE_AFTER_PROTECTED_REMOVAL,13,13,8,8,5,5,0,biography | construct | geography | invisible | motion | perspective | rupture | transform,biology | dictate | inactive | inspect | manuscript
Find,study-flight-vocab-pool,Find · roots · Flight B · vocab:familiar,roots,,B,familiar,VIABLE_ONE_WORD_AFTER_PROTECTION,PROTECTED_REMOVAL_LEAVES_ONE_VIABLE_WORD,4,4,1,1,3,3,0,predict,portable | transport | visible
Find,study-flight-vocab-pool,Find · roots · Flight C · vocab:academic,roots,,C,academic,VIABLE_AFTER_PROTECTION,POOL_REMAINS_VIABLE_AFTER_PROTECTED_REMOVAL,16,16,9,9,7,7,0,biodiversity | convert | credible | distraction | incredible | microscopic | phoneme | projection | sequence,audible | auditory | chronology | construction | emit | reject | transmit
Find,study-flight-vocab-pool,Find · roots · Flight C · vocab:familiar,roots,,C,familiar,VIABLE,NO_PROTECTED_SOURCE_ROWS,1,1,1,1,0,0,0,attract,
Find,study-flight-vocab-pool,Find · suffixes · Flight A · vocab:familiar,suffixes,,A,familiar,VIABLE_AFTER_PROTECTION,POOL_REMAINS_VIABLE_AFTER_PROTECTED_REMOVAL,10,10,7,7,3,3,0,books | boxes | fastest | quickly | sleeping | taller | walked,helpful | hopeless | teacher
Find,study-flight-vocab-pool,Find · suffixes · Flight B · vocab:academic,suffixes,,B,academic,VIABLE_ONE_WORD_AFTER_PROTECTION,PROTECTED_REMOVAL_LEAVES_ONE_VIABLE_WORD,2,2,1,1,1,1,0,prediction,inspector
Find,study-flight-vocab-pool,Find · suffixes · Flight B · vocab:familiar,suffixes,,B,familiar,VIABLE_AFTER_PROTECTION,POOL_REMAINS_VIABLE_AFTER_PROTECTED_REMOVAL,4,4,2,2,2,2,0,dangerous | movement,portable | visible
Find,study-flight-vocab-pool,Find · suffixes · Flight C · vocab:academic,suffixes,,C,academic,VIABLE_ONE_WORD_AFTER_PROTECTION,PROTECTED_REMOVAL_LEAVES_ONE_VIABLE_WORD,2,2,1,1,1,1,0,credible,construction
Learn,target-example-pool,Learn · prefixes · Flight A · target:dis · vocab:familiar,prefixes,,A,familiar,VIABLE_AFTER_PROTECTION,POOL_REMAINS_VIABLE_AFTER_PROTECTED_REMOVAL,3,3,2,2,1,1,0,disconnect | disobey,disagree
Learn,target-example-pool,Learn · prefixes · Flight A · target:en-em · vocab:academic,prefixes,,A,academic,VIABLE,NO_PROTECTED_SOURCE_ROWS,4,4,4,4,0,0,0,embed | empower | encircle | enrich,
Learn,target-example-pool,Learn · prefixes · Flight A · target:fore · vocab:challenge,prefixes,,A,challenge,VIABLE,NO_PROTECTED_SOURCE_ROWS,1,1,1,1,0,0,0,foretell,
Learn,target-example-pool,Learn · prefixes · Flight A · target:fore · vocab:familiar,prefixes,,A,familiar,VIABLE,NO_PROTECTED_SOURCE_ROWS,2,2,2,2,0,0,0,forecast | forehead,
Learn,target-example-pool,Learn · prefixes · Flight A · target:mid · vocab:familiar,prefixes,,A,familiar,VIABLE_AFTER_PROTECTION,POOL_REMAINS_VIABLE_AFTER_PROTECTED_REMOVAL,3,3,2,2,1,1,0,midday | midfield,midpoint
Learn,target-example-pool,Learn · prefixes · Flight A · target:mis · vocab:challenge,prefixes,,A,challenge,VIABLE,NO_PROTECTED_SOURCE_ROWS,1,1,1,1,0,0,0,misfire,
Learn,target-example-pool,Learn · prefixes · Flight A · target:mis · vocab:familiar,prefixes,,A,familiar,VIABLE,NO_PROTECTED_SOURCE_ROWS,2,2,2,2,0,0,0,misread | mistake,
Learn,target-example-pool,Learn · prefixes · Flight A · target:non · vocab:academic,prefixes,,A,academic,VIABLE,NO_PROTECTED_SOURCE_ROWS,1,1,1,1,0,0,0,nonverbal,
Learn,target-example-pool,Learn · prefixes · Flight A · target:non · vocab:familiar,prefixes,,A,familiar,VIABLE,NO_PROTECTED_SOURCE_ROWS,2,2,2,2,0,0,0,nonfiction | nonstop,
Learn,target-example-pool,Learn · prefixes · Flight A · target:over · vocab:familiar,prefixes,,A,familiar,VIABLE_AFTER_PROTECTION,POOL_REMAINS_VIABLE_AFTER_PROTECTED_REMOVAL,3,3,2,2,1,1,0,overhead | overuse,overcook
Learn,target-example-pool,Learn · prefixes · Flight A · target:pre · vocab:familiar,prefixes,,A,familiar,VIABLE_ONE_WORD_AFTER_PROTECTION,PROTECTED_REMOVAL_LEAVES_ONE_VIABLE_WORD,3,3,1,1,2,2,0,preschool,preheat | preview
Learn,target-example-pool,Learn · prefixes · Flight A · target:re · vocab:familiar,prefixes,,A,familiar,VIABLE_ONE_WORD_AFTER_PROTECTION,PROTECTED_REMOVAL_LEAVES_ONE_VIABLE_WORD,3,3,1,1,2,2,0,return,rebuild | reread
Learn,target-example-pool,Learn · prefixes · Flight A · target:sub · vocab:academic,prefixes,,A,academic,VIABLE,NO_PROTECTED_SOURCE_ROWS,1,1,1,1,0,0,0,submerge,
Learn,target-example-pool,Learn · prefixes · Flight A · target:sub · vocab:challenge,prefixes,,A,challenge,VIABLE,NO_PROTECTED_SOURCE_ROWS,1,1,1,1,0,0,0,subsoil,
Learn,target-example-pool,Learn · prefixes · Flight A · target:sub · vocab:familiar,prefixes,,A,familiar,VIABLE,NO_PROTECTED_SOURCE_ROWS,1,1,1,1,0,0,0,submarine,
Learn,target-example-pool,Learn · prefixes · Flight A · target:un-negation · vocab:familiar,prefixes,,A,familiar,VIABLE_AFTER_PROTECTION,POOL_REMAINS_VIABLE_AFTER_PROTECTED_REMOVAL,4,4,2,2,2,2,0,unclear | unsafe,unfair | unhappy
Learn,target-example-pool,Learn · prefixes · Flight A · target:un-reversative · vocab:familiar,prefixes,,A,familiar,VIABLE,NO_PROTECTED_SOURCE_ROWS,1,1,1,1,0,0,0,untie,
Learn,target-example-pool,Learn · prefixes · Flight A · target:under · vocab:familiar,prefixes,,A,familiar,VIABLE,NO_PROTECTED_SOURCE_ROWS,3,3,3,3,0,0,0,undercook | underground | underpaid,
Learn,target-example-pool,Learn · prefixes · Flight B · target:anti · vocab:academic,prefixes,,B,academic,VIABLE,NO_PROTECTED_SOURCE_ROWS,2,2,2,2,0,0,0,antibacterial | antisocial,
Learn,target-example-pool,Learn · prefixes · Flight B · target:anti · vocab:academic | familiar,prefixes,,B,academic | familiar,VIABLE,NO_PROTECTED_SOURCE_ROWS,1,1,1,1,0,0,0,antifreeze,
Learn,target-example-pool,Learn · prefixes · Flight B · target:circum · vocab:academic,prefixes,,B,academic,VIABLE,NO_PROTECTED_SOURCE_ROWS,2,2,2,2,0,0,0,circumference | circumnavigate,
Learn,target-example-pool,Learn · prefixes · Flight B · target:circum · vocab:challenge,prefixes,,B,challenge,VIABLE,NO_PROTECTED_SOURCE_ROWS,1,1,1,1,0,0,0,circumscribe,
Learn,target-example-pool,Learn · prefixes · Flight B · target:con-com · vocab:academic,prefixes,,B,academic,VIABLE,NO_PROTECTED_SOURCE_ROWS,1,1,1,1,0,0,0,communicate,
Learn,target-example-pool,Learn · prefixes · Flight B · target:con-com · vocab:familiar,prefixes,,B,familiar,VIABLE,NO_PROTECTED_SOURCE_ROWS,2,2,2,2,0,0,0,combine | connect,
Learn,target-example-pool,Learn · prefixes · Flight B · target:de · vocab:academic,prefixes,,B,academic,VIABLE,NO_PROTECTED_SOURCE_ROWS,1,1,1,1,0,0,0,descend,
Learn,target-example-pool,Learn · prefixes · Flight B · target:de · vocab:familiar,prefixes,,B,familiar,VIABLE,NO_PROTECTED_SOURCE_ROWS,2,2,2,2,0,0,0,defrost | detach,
Learn,target-example-pool,Learn · prefixes · Flight B · target:e-ex · vocab:academic,prefixes,,B,academic,VIABLE_ONE_WORD_AFTER_PROTECTION,PROTECTED_REMOVAL_LEAVES_ONE_VIABLE_WORD,2,2,1,1,1,1,0,eruption,emit
Learn,target-example-pool,Learn · prefixes · Flight B · target:e-ex · vocab:familiar,prefixes,,B,familiar,LEARN_EXAMPLE_SUBPOOL_EMPTY_AFTER_PROTECTION,LEARN_CARD_REMAINS_AVAILABLE_EXAMPLE_COVERAGE_EMPTY,2,2,0,0,2,2,0,,exhale | export
Learn,target-example-pool,Learn · prefixes · Flight B · target:inter · vocab:academic,prefixes,,B,academic,VIABLE,NO_PROTECTED_SOURCE_ROWS,3,3,3,3,0,0,0,interact | international | interstate,
Learn,target-example-pool,Learn · prefixes · Flight B · target:location-in-family · vocab:academic,prefixes,,B,academic,VIABLE_AFTER_PROTECTION,POOL_REMAINS_VIABLE_AFTER_PROTECTED_REMOVAL,4,4,3,3,1,1,0,immerse | inbound | insert,import
Learn,target-example-pool,Learn · prefixes · Flight B · target:negative-in-family · vocab:academic,prefixes,,B,academic,VIABLE_ONE_WORD_AFTER_PROTECTION,PROTECTED_REMOVAL_LEAVES_ONE_VIABLE_WORD,2,2,1,1,1,1,0,irregular,inactive
Learn,target-example-pool,Learn · prefixes · Flight B · target:negative-in-family · vocab:familiar,prefixes,,B,familiar,VIABLE_ONE_WORD_AFTER_PROTECTION,PROTECTED_REMOVAL_LEAVES_ONE_VIABLE_WORD,2,2,1,1,1,1,0,illegal,impossible
Learn,target-example-pool,Learn · prefixes · Flight B · target:pro · vocab:familiar,prefixes,,B,familiar,VIABLE,NO_PROTECTED_SOURCE_ROWS,3,3,3,3,0,0,0,proceed | project | promote,
Learn,target-example-pool,Learn · prefixes · Flight B · target:semi · vocab:academic,prefixes,,B,academic,VIABLE,NO_PROTECTED_SOURCE_ROWS,2,2,2,2,0,0,0,semicolon | semifinal,
Learn,target-example-pool,Learn · prefixes · Flight B · target:semi · vocab:familiar,prefixes,,B,familiar,LEARN_EXAMPLE_SUBPOOL_EMPTY_AFTER_PROTECTION,LEARN_CARD_REMAINS_AVAILABLE_EXAMPLE_COVERAGE_EMPTY,1,1,0,0,1,1,0,,semicircle
Learn,target-example-pool,Learn · prefixes · Flight B · target:super · vocab:academic,prefixes,,B,academic,VIABLE,NO_PROTECTED_SOURCE_ROWS,1,1,1,1,0,0,0,superstructure,
Learn,target-example-pool,Learn · prefixes · Flight B · target:super · vocab:familiar,prefixes,,B,familiar,VIABLE,NO_PROTECTED_SOURCE_ROWS,2,2,2,2,0,0,0,superhero | superhuman,
Learn,target-example-pool,Learn · prefixes · Flight B · target:trans · vocab:academic,prefixes,,B,academic,VIABLE,NO_PROTECTED_SOURCE_ROWS,1,1,1,1,0,0,0,transatlantic,
Learn,target-example-pool,Learn · prefixes · Flight B · target:trans · vocab:familiar,prefixes,,B,familiar,VIABLE_ONE_WORD_AFTER_PROTECTION,PROTECTED_REMOVAL_LEAVES_ONE_VIABLE_WORD,2,2,1,1,1,1,0,transfer,transport
Learn,target-example-pool,Learn · prefixes · Flight C · target:a-ad · vocab:academic,prefixes,,C,academic,VIABLE,NO_PROTECTED_SOURCE_ROWS,1,1,1,1,0,0,0,adhere,
Learn,target-example-pool,Learn · prefixes · Flight C · target:a-ad · vocab:challenge,prefixes,,C,challenge,VIABLE,NO_PROTECTED_SOURCE_ROWS,1,1,1,1,0,0,0,adjoin,
Learn,target-example-pool,Learn · prefixes · Flight C · target:a-ad · vocab:familiar,prefixes,,C,familiar,VIABLE,NO_PROTECTED_SOURCE_ROWS,1,1,1,1,0,0,0,advance,
Learn,target-example-pool,Learn · prefixes · Flight C · target:ab · vocab:academic,prefixes,,C,academic,LEARN_EXAMPLE_SUBPOOL_EMPTY_AFTER_PROTECTION,LEARN_CARD_REMAINS_AVAILABLE_EXAMPLE_COVERAGE_EMPTY,2,2,0,0,2,2,0,,abduct | abnormal
Learn,target-example-pool,Learn · prefixes · Flight C · target:ab · vocab:familiar,prefixes,,C,familiar,VIABLE,NO_PROTECTED_SOURCE_ROWS,1,1,1,1,0,0,0,absent,
Learn,target-example-pool,Learn · prefixes · Flight C · target:retro · vocab:academic,prefixes,,C,academic,LEARN_EXAMPLE_SUBPOOL_EMPTY_AFTER_PROTECTION,LEARN_CARD_REMAINS_AVAILABLE_EXAMPLE_COVERAGE_EMPTY,1,1,0,0,1,1,0,,retroactive
Learn,target-example-pool,Learn · prefixes · Flight C · target:retro · vocab:challenge,prefixes,,C,challenge,VIABLE_ONE_WORD_AFTER_PROTECTION,PROTECTED_REMOVAL_LEAVES_ONE_VIABLE_WORD,2,2,1,1,1,1,0,retrofit,retrospective
Learn,target-example-pool,Learn · roots · Flight B · target:act · vocab:academic,roots,,B,academic,VIABLE_ONE_WORD_AFTER_PROTECTION,PROTECTED_REMOVAL_LEAVES_ONE_VIABLE_WORD,2,2,1,1,1,1,0,interaction,inactive
Learn,target-example-pool,Learn · roots · Flight B · target:act · vocab:familiar,roots,,B,familiar,VIABLE,NO_PROTECTED_SOURCE_ROWS,2,2,2,2,0,0,0,active | activity,
Learn,target-example-pool,Learn · roots · Flight B · target:auto · vocab:familiar,roots,,B,familiar,VIABLE,NO_PROTECTED_SOURCE_ROWS,3,3,3,3,0,0,0,autobiography | autograph | automatic,
Learn,target-example-pool,Learn · roots · Flight B · target:bio · vocab:academic,roots,,B,academic,VIABLE_AFTER_PROTECTION,POOL_REMAINS_VIABLE_AFTER_PROTECTED_REMOVAL,3,3,2,2,1,1,0,biodegradable | biography,biology
Learn,target-example-pool,Learn · roots · Flight B · target:dict · vocab:academic,roots,,B,academic,VIABLE,NO_PROTECTED_SOURCE_ROWS,1,1,1,1,0,0,0,contradict,
Learn,target-example-pool,Learn · roots · Flight B · target:dict · vocab:familiar,roots,,B,familiar,VIABLE,NO_PROTECTED_SOURCE_ROWS,2,2,2,2,0,0,0,dictionary | predict,
Learn,target-example-pool,Learn · roots · Flight B · target:form · vocab:academic,roots,,B,academic,VIABLE,NO_PROTECTED_SOURCE_ROWS,2,2,2,2,0,0,0,formation | transform,
Learn,target-example-pool,Learn · roots · Flight B · target:form · vocab:familiar,roots,,B,familiar,VIABLE,NO_PROTECTED_SOURCE_ROWS,1,1,1,1,0,0,0,reform,
Learn,target-example-pool,Learn · roots · Flight B · target:geo · vocab:academic,roots,,B,academic,VIABLE,NO_PROTECTED_SOURCE_ROWS,3,3,3,3,0,0,0,geography | geology | geothermal,
Learn,target-example-pool,Learn · roots · Flight B · target:graph · vocab:academic,roots,,B,academic,VIABLE,NO_PROTECTED_SOURCE_ROWS,2,2,2,2,0,0,0,biography | graphic,
Learn,target-example-pool,Learn · roots · Flight B · target:graph · vocab:familiar,roots,,B,familiar,VIABLE,NO_PROTECTED_SOURCE_ROWS,1,1,1,1,0,0,0,autograph,
Learn,target-example-pool,Learn · roots · Flight B · target:metr · vocab:academic,roots,,B,academic,VIABLE_AFTER_PROTECTION,POOL_REMAINS_VIABLE_AFTER_PROTECTED_REMOVAL,3,3,2,2,1,1,0,diameter | metric,thermometer
Learn,target-example-pool,Learn · roots · Flight B · target:micro · vocab:academic,roots,,B,academic,VIABLE,NO_PROTECTED_SOURCE_ROWS,3,3,3,3,0,0,0,microorganism | microscope | microscopic,
Learn,target-example-pool,Learn · roots · Flight B · target:mot · vocab:academic,roots,,B,academic,VIABLE,NO_PROTECTED_SOURCE_ROWS,1,1,1,1,0,0,0,motion,
Learn,target-example-pool,Learn · roots · Flight B · target:mot · vocab:familiar,roots,,B,familiar,VIABLE,NO_PROTECTED_SOURCE_ROWS,2,2,2,2,0,0,0,movement | remove,
Learn,target-example-pool,Learn · roots · Flight B · target:phon · vocab:academic,roots,,B,academic,VIABLE,NO_PROTECTED_SOURCE_ROWS,1,1,1,1,0,0,0,phonics,
Learn,target-example-pool,Learn · roots · Flight B · target:phon · vocab:challenge,roots,,B,challenge,VIABLE,NO_PROTECTED_SOURCE_ROWS,1,1,1,1,0,0,0,phonograph,
Learn,target-example-pool,Learn · roots · Flight B · target:phon · vocab:familiar,roots,,B,familiar,VIABLE,NO_PROTECTED_SOURCE_ROWS,1,1,1,1,0,0,0,telephone,
Learn,target-example-pool,Learn · roots · Flight B · target:port · vocab:academic,roots,,B,academic,LEARN_EXAMPLE_SUBPOOL_EMPTY_AFTER_PROTECTION,LEARN_CARD_REMAINS_AVAILABLE_EXAMPLE_COVERAGE_EMPTY,1,1,0,0,1,1,0,,import
Learn,target-example-pool,Learn · roots · Flight B · target:port · vocab:familiar,roots,,B,familiar,VIABLE_ONE_WORD_AFTER_PROTECTION,PROTECTED_REMOVAL_LEAVES_ONE_VIABLE_WORD,3,3,1,1,2,2,0,porter,portable | transport
Learn,target-example-pool,Learn · roots · Flight B · target:rupt · vocab:academic,roots,,B,academic,VIABLE_ONE_WORD_AFTER_PROTECTION,PROTECTED_REMOVAL_LEAVES_ONE_VIABLE_WORD,3,3,1,1,2,2,0,rupture,disrupt | interrupt
Learn,target-example-pool,Learn · roots · Flight B · target:scop · vocab:academic,roots,,B,academic,VIABLE,NO_PROTECTED_SOURCE_ROWS,2,2,2,2,0,0,0,microscope | periscope,
Learn,target-example-pool,Learn · roots · Flight B · target:scop · vocab:familiar,roots,,B,familiar,VIABLE,NO_PROTECTED_SOURCE_ROWS,1,1,1,1,0,0,0,telescope,
Learn,target-example-pool,Learn · roots · Flight B · target:scrib · vocab:academic,roots,,B,academic,VIABLE_ONE_WORD_AFTER_PROTECTION,PROTECTED_REMOVAL_LEAVES_ONE_VIABLE_WORD,2,2,1,1,1,1,0,scripted,manuscript
Learn,target-example-pool,Learn · roots · Flight B · target:scrib · vocab:familiar,roots,,B,familiar,VIABLE,NO_PROTECTED_SOURCE_ROWS,1,1,1,1,0,0,0,describe,
Learn,target-example-pool,Learn · roots · Flight B · target:spect · vocab:academic,roots,,B,academic,VIABLE_ONE_WORD_AFTER_PROTECTION,PROTECTED_REMOVAL_LEAVES_ONE_VIABLE_WORD,4,4,1,1,3,3,0,perspective,inspect | inspector | spectator
Learn,target-example-pool,Learn · roots · Flight B · target:struct · vocab:academic,roots,,B,academic,VIABLE,NO_PROTECTED_SOURCE_ROWS,3,3,3,3,0,0,0,construct | instruct | structure,
Learn,target-example-pool,Learn · roots · Flight B · target:tele · vocab:academic,roots,,B,academic,VIABLE,NO_PROTECTED_SOURCE_ROWS,1,1,1,1,0,0,0,telegraph,
Learn,target-example-pool,Learn · roots · Flight B · target:tele · vocab:familiar,roots,,B,familiar,VIABLE,NO_PROTECTED_SOURCE_ROWS,2,2,2,2,0,0,0,telescope | television,
Learn,target-example-pool,Learn · roots · Flight B · target:therm · vocab:academic,roots,,B,academic,VIABLE_AFTER_PROTECTION,POOL_REMAINS_VIABLE_AFTER_PROTECTED_REMOVAL,3,3,2,2,1,1,0,geothermal | thermal,thermometer
Learn,target-example-pool,Learn · roots · Flight B · target:vis · vocab:familiar,roots,,B,familiar,VIABLE_AFTER_PROTECTION,POOL_REMAINS_VIABLE_AFTER_PROTECTED_REMOVAL,3,3,2,2,1,1,0,video | vision,visible
Learn,target-example-pool,Learn · roots · Flight C · target:aud · vocab:academic,roots,,C,academic,LEARN_EXAMPLE_SUBPOOL_EMPTY_AFTER_PROTECTION,LEARN_CARD_REMAINS_AVAILABLE_EXAMPLE_COVERAGE_EMPTY,1,1,0,0,1,1,0,,audible
Learn,target-example-pool,Learn · roots · Flight C · target:aud · vocab:familiar,roots,,C,familiar,VIABLE,NO_PROTECTED_SOURCE_ROWS,2,2,2,2,0,0,0,audience | audio,
Learn,target-example-pool,Learn · roots · Flight C · target:biblio · vocab:academic,roots,,C,academic,VIABLE,NO_PROTECTED_SOURCE_ROWS,1,1,1,1,0,0,0,bibliography,
Learn,target-example-pool,Learn · roots · Flight C · target:biblio · vocab:challenge,roots,,C,challenge,VIABLE,NO_PROTECTED_SOURCE_ROWS,2,2,2,2,0,0,0,bibliographic | bibliophile,
Learn,target-example-pool,Learn · roots · Flight C · target:chron · vocab:academic,roots,,C,academic,VIABLE_AFTER_PROTECTION,POOL_REMAINS_VIABLE_AFTER_PROTECTED_REMOVAL,3,3,2,2,1,1,0,chronological | synchronize,chronology
Learn,target-example-pool,Learn · roots · Flight C · target:cred · vocab:academic,roots,,C,academic,VIABLE,NO_PROTECTED_SOURCE_ROWS,2,2,2,2,0,0,0,credible | incredible,
Learn,target-example-pool,Learn · roots · Flight C · target:cred · vocab:familiar,roots,,C,familiar,VIABLE,NO_PROTECTED_SOURCE_ROWS,1,1,1,1,0,0,0,credit,
Learn,target-example-pool,Learn · roots · Flight C · target:derm · vocab:academic,roots,,C,academic,VIABLE,NO_PROTECTED_SOURCE_ROWS,3,3,3,3,0,0,0,dermal | dermatologist | dermatology,
Learn,target-example-pool,Learn · roots · Flight C · target:duct · vocab:familiar,roots,,C,familiar,VIABLE_AFTER_PROTECTION,POOL_REMAINS_VIABLE_AFTER_PROTECTED_REMOVAL,3,3,2,2,1,1,0,conduct | introduce,produce
Learn,target-example-pool,Learn · roots · Flight C · target:fer · vocab:academic,roots,,C,academic,VIABLE,NO_PROTECTED_SOURCE_ROWS,1,1,1,1,0,0,0,confer,
Learn,target-example-pool,Learn · roots · Flight C · target:fer · vocab:familiar,roots,,C,familiar,VIABLE,NO_PROTECTED_SOURCE_ROWS,2,2,2,2,0,0,0,refer | transfer,
Learn,target-example-pool,Learn · roots · Flight C · target:ject · vocab:academic,roots,,C,academic,LEARN_EXAMPLE_SUBPOOL_EMPTY_AFTER_PROTECTION,LEARN_CARD_REMAINS_AVAILABLE_EXAMPLE_COVERAGE_EMPTY,2,2,0,0,2,2,0,,eject | reject
Learn,target-example-pool,Learn · roots · Flight C · target:ject · vocab:familiar,roots,,C,familiar,VIABLE,NO_PROTECTED_SOURCE_ROWS,1,1,1,1,0,0,0,project,
Learn,target-example-pool,Learn · roots · Flight C · target:mit · vocab:academic,roots,,C,academic,VIABLE_ONE_WORD_AFTER_PROTECTION,PROTECTED_REMOVAL_LEAVES_ONE_VIABLE_WORD,3,3,1,1,2,2,0,submit,emit | transmit
Learn,target-example-pool,Learn · roots · Flight C · target:pel · vocab:academic,roots,,C,academic,VIABLE,NO_PROTECTED_SOURCE_ROWS,3,3,3,3,0,0,0,compel | propel | repel,
Learn,target-example-pool,Learn · roots · Flight C · target:pend · vocab:academic,roots,,C,academic,VIABLE,NO_PROTECTED_SOURCE_ROWS,2,2,2,2,0,0,0,pendulum | suspend,
Learn,target-example-pool,Learn · roots · Flight C · target:pend · vocab:familiar,roots,,C,familiar,VIABLE,NO_PROTECTED_SOURCE_ROWS,1,1,1,1,0,0,0,pendant,
Learn,target-example-pool,Learn · roots · Flight C · target:pos · vocab:academic,roots,,C,academic,VIABLE,NO_PROTECTED_SOURCE_ROWS,3,3,3,3,0,0,0,compose | deposit | position,
Learn,target-example-pool,Learn · roots · Flight C · target:put · vocab:academic,roots,,C,academic,VIABLE,NO_PROTECTED_SOURCE_ROWS,3,3,3,3,0,0,0,compute | dispute | reputation,
Learn,target-example-pool,Learn · roots · Flight C · target:sequ · vocab:academic,roots,,C,academic,VIABLE_AFTER_PROTECTION,POOL_REMAINS_VIABLE_AFTER_PROTECTED_REMOVAL,3,3,2,2,1,1,0,consequence | sequence,subsequent
Learn,target-example-pool,Learn · roots · Flight C · target:ten · vocab:academic,roots,,C,academic,VIABLE,NO_PROTECTED_SOURCE_ROWS,2,2,2,2,0,0,0,detention | retention,
Learn,target-example-pool,Learn · roots · Flight C · target:ten · vocab:challenge,roots,,C,challenge,VIABLE,NO_PROTECTED_SOURCE_ROWS,1,1,1,1,0,0,0,tenable,
Learn,target-example-pool,Learn · roots · Flight C · target:terr · vocab:academic,roots,,C,academic,VIABLE,NO_PROTECTED_SOURCE_ROWS,3,3,3,3,0,0,0,subterranean | terrain | territory,
Learn,target-example-pool,Learn · roots · Flight C · target:tract · vocab:academic,roots,,C,academic,VIABLE,NO_PROTECTED_SOURCE_ROWS,2,2,2,2,0,0,0,extract | tractor,
Learn,target-example-pool,Learn · roots · Flight C · target:tract · vocab:familiar,roots,,C,familiar,VIABLE,NO_PROTECTED_SOURCE_ROWS,1,1,1,1,0,0,0,attract,
Learn,target-example-pool,Learn · roots · Flight C · target:val · vocab:academic,roots,,C,academic,VIABLE_ONE_WORD_AFTER_PROTECTION,PROTECTED_REMOVAL_LEAVES_ONE_VIABLE_WORD,2,2,1,1,1,1,0,valid,evaluate
Learn,target-example-pool,Learn · roots · Flight C · target:val · vocab:familiar,roots,,C,familiar,VIABLE,NO_PROTECTED_SOURCE_ROWS,1,1,1,1,0,0,0,value,
Learn,target-example-pool,Learn · roots · Flight C · target:ven · vocab:academic,roots,,C,academic,VIABLE_ONE_WORD_AFTER_PROTECTION,PROTECTED_REMOVAL_LEAVES_ONE_VIABLE_WORD,2,2,1,1,1,1,0,convention,intervene
Learn,target-example-pool,Learn · roots · Flight C · target:ven · vocab:familiar,roots,,C,familiar,VIABLE,NO_PROTECTED_SOURCE_ROWS,1,1,1,1,0,0,0,prevent,
Learn,target-example-pool,Learn · roots · Flight C · target:vert · vocab:academic,roots,,C,academic,VIABLE,NO_PROTECTED_SOURCE_ROWS,3,3,3,3,0,0,0,convert | divert | invert,
Learn,target-example-pool,Learn · roots · Flight C · target:voc · vocab:academic,roots,,C,academic,VIABLE,NO_PROTECTED_SOURCE_ROWS,3,3,3,3,0,0,0,vocal | vocalist | vocalize,
Learn,target-example-pool,Learn · suffixes · Flight A · target:able-ible · vocab:familiar,suffixes,,A,familiar,LEARN_EXAMPLE_SUBPOOL_EMPTY_AFTER_PROTECTION,LEARN_CARD_REMAINS_AVAILABLE_EXAMPLE_COVERAGE_EMPTY,3,3,0,0,3,3,0,,portable | readable | visible
Learn,target-example-pool,Learn · suffixes · Flight A · target:ed · vocab:familiar,suffixes,,A,familiar,VIABLE,NO_PROTECTED_SOURCE_ROWS,3,3,3,3,0,0,0,helped | jumped | walked,
Learn,target-example-pool,Learn · suffixes · Flight A · target:er-more · vocab:familiar,suffixes,,A,familiar,VIABLE,NO_PROTECTED_SOURCE_ROWS,3,3,3,3,0,0,0,faster | stronger | taller,
Learn,target-example-pool,Learn · suffixes · Flight A · target:er-or · vocab:academic,suffixes,,A,academic,LEARN_EXAMPLE_SUBPOOL_EMPTY_AFTER_PROTECTION,LEARN_CARD_REMAINS_AVAILABLE_EXAMPLE_COVERAGE_EMPTY,1,1,0,0,1,1,0,,inspector
Learn,target-example-pool,Learn · suffixes · Flight A · target:er-or · vocab:familiar,suffixes,,A,familiar,VIABLE_ONE_WORD_AFTER_PROTECTION,PROTECTED_REMOVAL_LEAVES_ONE_VIABLE_WORD,2,2,1,1,1,1,0,writer,teacher
Learn,target-example-pool,Learn · suffixes · Flight A · target:est · vocab:familiar,suffixes,,A,familiar,VIABLE,NO_PROTECTED_SOURCE_ROWS,3,3,3,3,0,0,0,fastest | strongest | tallest,
Learn,target-example-pool,Learn · suffixes · Flight A · target:ful · vocab:familiar,suffixes,,A,familiar,VIABLE_ONE_WORD_AFTER_PROTECTION,PROTECTED_REMOVAL_LEAVES_ONE_VIABLE_WORD,3,3,1,1,2,2,0,careful,helpful | hopeful
Learn,target-example-pool,Learn · suffixes · Flight A · target:ing · vocab:familiar,suffixes,,A,familiar,VIABLE,NO_PROTECTED_SOURCE_ROWS,3,3,3,3,0,0,0,running | sleeping | writing,
Learn,target-example-pool,Learn · suffixes · Flight A · target:ion · vocab:academic,suffixes,,A,academic,VIABLE_ONE_WORD_AFTER_PROTECTION,PROTECTED_REMOVAL_LEAVES_ONE_VIABLE_WORD,2,2,1,1,1,1,0,decision,construction
Learn,target-example-pool,Learn · suffixes · Flight A · target:ion · vocab:familiar,suffixes,,A,familiar,VIABLE,NO_PROTECTED_SOURCE_ROWS,1,1,1,1,0,0,0,action,
Learn,target-example-pool,Learn · suffixes · Flight A · target:less · vocab:familiar,suffixes,,A,familiar,VIABLE_ONE_WORD_AFTER_PROTECTION,PROTECTED_REMOVAL_LEAVES_ONE_VIABLE_WORD,4,4,1,1,3,3,0,cloudless,careless | fearless | hopeless
Learn,target-example-pool,Learn · suffixes · Flight A · target:ly-adverb · vocab:familiar,suffixes,,A,familiar,VIABLE,NO_PROTECTED_SOURCE_ROWS,3,3,3,3,0,0,0,carefully | quickly | slowly,
Learn,target-example-pool,Learn · suffixes · Flight A · target:ment · vocab:academic,suffixes,,A,academic,VIABLE,NO_PROTECTED_SOURCE_ROWS,1,1,1,1,0,0,0,development,
Learn,target-example-pool,Learn · suffixes · Flight A · target:ment · vocab:familiar,suffixes,,A,familiar,VIABLE,NO_PROTECTED_SOURCE_ROWS,2,2,2,2,0,0,0,enjoyment | movement,
Learn,target-example-pool,Learn · suffixes · Flight A · target:ness · vocab:familiar,suffixes,,A,familiar,VIABLE_AFTER_PROTECTION,POOL_REMAINS_VIABLE_AFTER_PROTECTED_REMOVAL,3,3,2,2,1,1,0,darkness | happiness,kindness
Learn,target-example-pool,Learn · suffixes · Flight A · target:s-es · vocab:familiar,suffixes,,A,familiar,VIABLE,NO_PROTECTED_SOURCE_ROWS,3,3,3,3,0,0,0,books | boxes | dogs,
Learn,target-example-pool,Learn · suffixes · Flight B · target:al · vocab:academic,suffixes,,B,academic,VIABLE,NO_PROTECTED_SOURCE_ROWS,1,1,1,1,0,0,0,regional,
Learn,target-example-pool,Learn · suffixes · Flight B · target:al · vocab:familiar,suffixes,,B,familiar,VIABLE,NO_PROTECTED_SOURCE_ROWS,2,2,2,2,0,0,0,musical | natural,
Learn,target-example-pool,Learn · suffixes · Flight B · target:ic · vocab:academic,suffixes,,B,academic,VIABLE_AFTER_PROTECTION,POOL_REMAINS_VIABLE_AFTER_PROTECTED_REMOVAL,3,3,2,2,1,1,0,historic | scientific,poetic
Learn,target-example-pool,Learn · suffixes · Flight B · target:ify · vocab:academic,suffixes,,B,academic,VIABLE,NO_PROTECTED_SOURCE_ROWS,2,2,2,2,0,0,0,clarify | simplify,
Learn,target-example-pool,Learn · suffixes · Flight B · target:ify · vocab:familiar,suffixes,,B,familiar,VIABLE,NO_PROTECTED_SOURCE_ROWS,1,1,1,1,0,0,0,beautify,
Learn,target-example-pool,Learn · suffixes · Flight B · target:ist · vocab:academic,suffixes,,B,academic,VIABLE,NO_PROTECTED_SOURCE_ROWS,1,1,1,1,0,0,0,scientist,
Learn,target-example-pool,Learn · suffixes · Flight B · target:ist · vocab:familiar,suffixes,,B,familiar,VIABLE,NO_PROTECTED_SOURCE_ROWS,2,2,2,2,0,0,0,artist | pianist,
Learn,target-example-pool,Learn · suffixes · Flight B · target:ity · vocab:academic,suffixes,,B,academic,VIABLE,NO_PROTECTED_SOURCE_ROWS,2,2,2,2,0,0,0,clarity | security,
Learn,target-example-pool,Learn · suffixes · Flight B · target:ity · vocab:familiar,suffixes,,B,familiar,VIABLE,NO_PROTECTED_SOURCE_ROWS,1,1,1,1,0,0,0,activity,
Learn,target-example-pool,Learn · suffixes · Flight B · target:ive · vocab:academic,suffixes,,B,academic,VIABLE,NO_PROTECTED_SOURCE_ROWS,2,2,2,2,0,0,0,creative | sensitive,
Learn,target-example-pool,Learn · suffixes · Flight B · target:ive · vocab:familiar,suffixes,,B,familiar,VIABLE,NO_PROTECTED_SOURCE_ROWS,1,1,1,1,0,0,0,active,
Learn,target-example-pool,Learn · suffixes · Flight B · target:ize · vocab:academic,suffixes,,B,academic,LEARN_EXAMPLE_SUBPOOL_EMPTY_AFTER_PROTECTION,LEARN_CARD_REMAINS_AVAILABLE_EXAMPLE_COVERAGE_EMPTY,1,1,0,0,1,1,0,,modernize
Learn,target-example-pool,Learn · suffixes · Flight B · target:ize · vocab:familiar,suffixes,,B,familiar,VIABLE,NO_PROTECTED_SOURCE_ROWS,2,2,2,2,0,0,0,organize | realize,
Learn,target-example-pool,Learn · suffixes · Flight B · target:ology · vocab:academic,suffixes,,B,academic,VIABLE_AFTER_PROTECTION,POOL_REMAINS_VIABLE_AFTER_PROTECTED_REMOVAL,3,3,2,2,1,1,0,geology | psychology,biology
Learn,target-example-pool,Learn · suffixes · Flight B · target:ous · vocab:familiar,suffixes,,B,familiar,VIABLE,NO_PROTECTED_SOURCE_ROWS,3,3,3,3,0,0,0,dangerous | famous | joyous,
Learn,target-example-pool,Learn · suffixes · Flight C · target:ance · vocab:academic,suffixes,,C,academic,VIABLE_AFTER_PROTECTION,POOL_REMAINS_VIABLE_AFTER_PROTECTED_REMOVAL,3,3,2,2,1,1,0,importance | performance,acceptance
Learn,target-example-pool,Learn · suffixes · Flight C · target:ant-ent-adjective · vocab:academic,suffixes,,C,academic,VIABLE_ONE_WORD_AFTER_PROTECTION,PROTECTED_REMOVAL_LEAVES_ONE_VIABLE_WORD,2,2,1,1,1,1,0,resistant,dependent
Learn,target-example-pool,Learn · suffixes · Flight C · target:ant-ent-agent · vocab:familiar,suffixes,,C,familiar,LEARN_EXAMPLE_SUBPOOL_EMPTY_AFTER_PROTECTION,LEARN_CARD_REMAINS_AVAILABLE_EXAMPLE_COVERAGE_EMPTY,1,1,0,0,1,1,0,,assistant
Learn,target-example-pool,Learn · suffixes · Flight C · target:ence · vocab:academic,suffixes,,C,academic,VIABLE,NO_PROTECTED_SOURCE_ROWS,3,3,3,3,0,0,0,dependence | existence | persistence,
Use It,build-derived-sentence-pool,Use It · not-in-active-build-pool · Flight A · vocab:familiar,combinations,not-in-active-build-pool,A,familiar,INACTIVE_SOURCE_ONLY,REMOVE_OR_ARCHIVE_INACTIVE_SOURCE,2,2,0,0,1,1,1,,careless
Use It,build-derived-sentence-pool,Use It · not-in-active-build-pool · Flight B · vocab:academic,combinations,not-in-active-build-pool,B,academic,INACTIVE_SOURCE_ONLY,REMOVE_OR_ARCHIVE_INACTIVE_SOURCE,1,1,0,0,0,0,1,,
Use It,build-derived-sentence-pool,Use It · not-in-active-build-pool · Flight B · vocab:unspecified,combinations,not-in-active-build-pool,B,unspecified,INACTIVE_SOURCE_ONLY,REMOVE_OR_ARCHIVE_INACTIVE_SOURCE,1,1,0,0,1,1,0,,disruptive
Use It,build-derived-sentence-pool,Use It · not-in-active-build-pool · Flight C · vocab:academic,combinations,not-in-active-build-pool,C,academic,INACTIVE_SOURCE_ONLY,REMOVE_OR_ARCHIVE_INACTIVE_SOURCE,3,3,0,0,2,2,1,,construction | dependent
Use It,build-derived-sentence-pool,Use It · prefix+root · Flight B · vocab:academic,combinations,prefix+root,B,academic,VIABLE_ONE_WORD_AFTER_PROTECTION,PROTECTED_REMOVAL_LEAVES_ONE_VIABLE_WORD,3,3,1,1,2,2,0,construct,import | interrupt
Use It,build-derived-sentence-pool,Use It · prefix+root · Flight B · vocab:familiar,combinations,prefix+root,B,familiar,INTENTIONALLY_UNAVAILABLE,INTENTIONAL_NA_NO_AUTHORED_SOURCE,0,0,0,0,0,0,0,,
Use It,build-derived-sentence-pool,Use It · prefix+root · Flight C · vocab:academic,combinations,prefix+root,C,academic,VIABLE_ONE_WORD_AFTER_PROTECTION,PROTECTED_REMOVAL_LEAVES_ONE_VIABLE_WORD,4,4,1,1,3,3,0,convert,emit | reject | transmit
Use It,build-derived-sentence-pool,Use It · prefix+root · Flight C · vocab:familiar,combinations,prefix+root,C,familiar,VIABLE,NO_PROTECTED_SOURCE_ROWS,1,1,1,1,0,0,0,project,
Use It,build-derived-sentence-pool,Use It · prefix+root+suffix · Flight B · vocab:academic,combinations,prefix+root+suffix,B,academic,VIABLE_ONE_WORD_AFTER_PROTECTION,PROTECTED_REMOVAL_LEAVES_ONE_VIABLE_WORD,3,3,1,1,2,2,0,nonverbal,inactive | inspector
Use It,build-derived-sentence-pool,Use It · prefix+root+suffix · Flight C · vocab:academic,combinations,prefix+root+suffix,C,academic,VIABLE,NO_PROTECTED_SOURCE_ROWS,4,4,4,4,0,0,0,convention | incredible | international | projection,
Use It,build-derived-sentence-pool,Use It · root+suffix · Flight A · vocab:familiar,combinations,root+suffix,A,familiar,VIABLE_AFTER_PROTECTION,POOL_REMAINS_VIABLE_AFTER_PROTECTED_REMOVAL,12,12,7,7,5,5,0,books | boxes | fastest | jumped | jumping | quickly | taller,helpful | hopeless | kindness | readable | teacher
Use It,build-derived-sentence-pool,Use It · root+suffix · Flight B · vocab:academic,combinations,root+suffix,B,academic,VIABLE_ONE_WORD_AFTER_PROTECTION,PROTECTED_REMOVAL_LEAVES_ONE_VIABLE_WORD,5,5,1,1,4,4,0,scripted,classify | inspector | modernize | poetic
Use It,build-derived-sentence-pool,Use It · root+suffix · Flight B · vocab:familiar,combinations,root+suffix,B,familiar,VIABLE_AFTER_PROTECTION,POOL_REMAINS_VIABLE_AFTER_PROTECTED_REMOVAL,7,7,5,5,2,2,0,active | artist | dangerous | movement | musical,portable | visible
Use It,build-derived-sentence-pool,Use It · root+suffix · Flight C · vocab:academic,combinations,root+suffix,C,academic,VIABLE_AFTER_PROTECTION,POOL_REMAINS_VIABLE_AFTER_PROTECTED_REMOVAL,8,8,6,6,2,2,0,credible | dependence | existence | performance | persistence | sequence,audible | chronology
Word Hunt,whole-question,Word Hunt · prefixes · Flight A · target:dis,prefixes,,A,familiar,VIABLE,NO_PROTECTED_SOURCE_ROWS,6,6,6,6,0,0,0,disconnect | disobey | misread | movement | nonverbal | submarine,
Word Hunt,whole-question,Word Hunt · prefixes · Flight A · target:mis,prefixes,,A,familiar,VIABLE,NO_PROTECTED_SOURCE_ROWS,7,7,7,7,0,0,0,disconnect | misfire | misread | mistake | movement | nonverbal | submarine,
Word Hunt,whole-question,Word Hunt · prefixes · Flight A · target:pre,prefixes,,A,familiar,VIABLE,NO_PROTECTED_SOURCE_ROWS,6,6,6,6,0,0,0,misread | movement | nonverbal | precook | preschool | submarine,
Word Hunt,whole-question,Word Hunt · prefixes · Flight A · target:re,prefixes,,A,familiar,VIABLE,NO_PROTECTED_SOURCE_ROWS,6,6,6,6,0,0,0,misread | movement | nonverbal | return | rewrite | submarine,
Word Hunt,whole-question,Word Hunt · prefixes · Flight A · target:sub,prefixes,,A,familiar,VIABLE,NO_PROTECTED_SOURCE_ROWS,8,8,8,8,0,0,0,misread | movement | nonverbal | quickly | submarine | submerge | subset | subsoil,
Word Hunt,whole-question,Word Hunt · prefixes · Flight A · target:un-negation,prefixes,,A,familiar,VIABLE,NO_PROTECTED_SOURCE_ROWS,6,6,6,6,0,0,0,misread | movement | nonverbal | submarine | unclear | unsafe,
Word Hunt,whole-question,Word Hunt · prefixes · Flight A · target:un-reversative,prefixes,,A,familiar,VIABLE,NO_PROTECTED_SOURCE_ROWS,6,6,6,6,0,0,0,misread | movement | nonverbal | submarine | unlock | untie,
Word Hunt,whole-question,Word Hunt · prefixes · Flight B · target:non,prefixes,,B,academic,VIABLE,NO_PROTECTED_SOURCE_ROWS,7,7,7,7,0,0,0,misread | movement | nonfiction | nonstop | nonverbal | quickly | submarine,
Word Hunt,whole-question,Word Hunt · prefixes · Flight B · target:trans,prefixes,,B,academic,VIABLE,NO_PROTECTED_SOURCE_ROWS,6,6,6,6,0,0,0,misread | movement | nonverbal | submarine | transfer | transform,
Word Hunt,whole-question,Word Hunt · prefixes · Flight C · target:a-ad,prefixes,,C,challenge,VIABLE,NO_PROTECTED_SOURCE_ROWS,7,7,7,7,0,0,0,adhere | adjoin | advance | construct | sequence | transfer | underpaid,
Word Hunt,whole-question,Word Hunt · roots · Flight B · target:dict,roots,,B,familiar,VIABLE,NO_PROTECTED_SOURCE_ROWS,7,7,7,7,0,0,0,construct | movement | predict | prediction | predictive | rupture | sequence,
Word Hunt,whole-question,Word Hunt · roots · Flight B · target:graph,roots,,B,academic,VIABLE,NO_PROTECTED_SOURCE_ROWS,8,8,8,8,0,0,0,bibliography | biography | construct | geography | graphical | movement | rupture | sequence,
Word Hunt,whole-question,Word Hunt · roots · Flight B · target:port,roots,,B,familiar,VIABLE,NO_PROTECTED_SOURCE_ROWS,6,6,6,6,0,0,0,construct | perspective | porter | rupture | sequence | support,
Word Hunt,whole-question,Word Hunt · roots · Flight B · target:rupt,roots,,B,academic,VIABLE,NO_PROTECTED_SOURCE_ROWS,6,6,6,6,0,0,0,construct | eruption | movement | quickly | rupture | sequence,
Word Hunt,whole-question,Word Hunt · roots · Flight B · target:struct,roots,,B,academic,VIABLE,NO_PROTECTED_SOURCE_ROWS,7,7,7,7,0,0,0,construct | instruct | movement | quickly | rupture | sequence | structure,
Word Hunt,whole-question,Word Hunt · roots · Flight C · target:ject,roots,,C,familiar,VIABLE,NO_PROTECTED_SOURCE_ROWS,6,6,6,6,0,0,0,construct | credible | project | projection | rupture | sequence,
Word Hunt,whole-question,Word Hunt · roots · Flight C · target:put,roots,,C,academic,VIABLE,NO_PROTECTED_SOURCE_ROWS,7,7,7,7,0,0,0,compute | dispute | position | reputation | retention | transfer | valid,
Word Hunt,whole-question,Word Hunt · roots · Flight C · target:spect,roots,,C,academic,VIABLE,NO_PROTECTED_SOURCE_ROWS,6,6,6,6,0,0,0,biography | credible | prospective | respect | tenable | transportation,
Word Hunt,whole-question,Word Hunt · roots · Flight C · target:tract,roots,,C,familiar,VIABLE,NO_PROTECTED_SOURCE_ROWS,7,7,7,7,0,0,0,attract | construct | distraction | extraction | movement | rupture | sequence,
Word Hunt,whole-question,Word Hunt · suffixes · Flight A · target:ed,suffixes,,A,familiar,VIABLE,NO_PROTECTED_SOURCE_ROWS,8,8,8,8,0,0,0,boxes | fastest | helped | jumped | movement | painted | running | walked,
Word Hunt,whole-question,Word Hunt · suffixes · Flight A · target:ful,suffixes,,A,familiar,VIABLE,NO_PROTECTED_SOURCE_ROWS,6,6,6,6,0,0,0,careful | movement | playful | quickly | running | walked,
Word Hunt,whole-question,Word Hunt · suffixes · Flight A · target:ing,suffixes,,A,familiar,VIABLE,NO_PROTECTED_SOURCE_ROWS,8,8,8,8,0,0,0,boxes | fastest | jumping | movement | running | sleeping | walked | writing,
Word Hunt,whole-question,Word Hunt · suffixes · Flight A · target:less,suffixes,,A,familiar,VIABLE,NO_PROTECTED_SOURCE_ROWS,8,8,8,8,0,0,0,cloudless | endless | harmless | jumped | movement | painless | quickly | running,
Word Hunt,whole-question,Word Hunt · suffixes · Flight A · target:ly-adverb,suffixes,,A,familiar,VIABLE,NO_PROTECTED_SOURCE_ROWS,7,7,7,7,0,0,0,boxes | carefully | movement | quickly | running | slowly | walked,
Word Hunt,whole-question,Word Hunt · suffixes · Flight B · target:ion,suffixes,,B,academic,VIABLE,NO_PROTECTED_SOURCE_ROWS,7,7,7,7,0,0,0,construct | motion | movement | prediction | projection | quickly | sequence,
Word Hunt,whole-question,Word Hunt · suffixes · Flight B · target:ment,suffixes,,B,familiar,VIABLE,NO_PROTECTED_SOURCE_ROWS,7,7,7,7,0,0,0,development | enjoyment | movement | prediction | quickly | running | walked,
Word Hunt,whole-question,Word Hunt · suffixes · Flight C · target:able-ible,suffixes,,C,academic,VIABLE,NO_PROTECTED_SOURCE_ROWS,8,8,8,8,0,0,0,biodegradable | credible | incredible | movement | prediction | quickly | sequence | tenable,
