severity,category,word,destination,message
INFO,student-digital-learn-example-subpool-empty-after-protection,semicircle,Learn · prefixes · Flight B · target:semi · vocab:familiar,"The Learn morpheme card remains available. For this selected vocabulary level, all authored examples are protected, so the card displays its no-examples message. Treat this as example-coverage information rather than an unavailable Student Digital activity."
INFO,student-digital-learn-example-subpool-empty-after-protection,abduct | abnormal,Learn · prefixes · Flight C · target:ab · vocab:academic,"The Learn morpheme card remains available. For this selected vocabulary level, all authored examples are protected, so the card displays its no-examples message. Treat this as example-coverage information rather than an unavailable Student Digital activity."
INFO,student-digital-learn-example-subpool-empty-after-protection,exhale | export,Learn · prefixes · Flight B · target:e-ex · vocab:familiar,"The Learn morpheme card remains available. For this selected vocabulary level, all authored examples are protected, so the card displays its no-examples message. Treat this as example-coverage information rather than an unavailable Student Digital activity."
INFO,student-digital-learn-example-subpool-empty-after-protection,retroactive,Learn · prefixes · Flight C · target:retro · vocab:academic,"The Learn morpheme card remains available. For this selected vocabulary level, all authored examples are protected, so the card displays its no-examples message. Treat this as example-coverage information rather than an unavailable Student Digital activity."
INFO,student-digital-learn-example-subpool-empty-after-protection,import,Learn · roots · Flight B · target:port · vocab:academic,"The Learn morpheme card remains available. For this selected vocabulary level, all authored examples are protected, so the card displays its no-examples message. Treat this as example-coverage information rather than an unavailable Student Digital activity."
INFO,student-digital-learn-example-subpool-empty-after-protection,audible,Learn · roots · Flight C · target:aud · vocab:academic,"The Learn morpheme card remains available. For this selected vocabulary level, all authored examples are protected, so the card displays its no-examples message. Treat this as example-coverage information rather than an unavailable Student Digital activity."
INFO,student-digital-learn-example-subpool-empty-after-protection,modernize,Learn · suffixes · Flight B · target:ize · vocab:academic,"The Learn morpheme card remains available. For this selected vocabulary level, all authored examples are protected, so the card displays its no-examples message. Treat this as example-coverage information rather than an unavailable Student Digital activity."
INFO,student-digital-learn-example-subpool-empty-after-protection,portable | readable | visible,Learn · suffixes · Flight A · target:able-ible · vocab:familiar,"The Learn morpheme card remains available. For this selected vocabulary level, all authored examples are protected, so the card displays its no-examples message. Treat this as example-coverage information rather than an unavailable Student Digital activity."
INFO,student-digital-learn-example-subpool-empty-after-protection,inspector,Learn · suffixes · Flight A · target:er-or · vocab:academic,"The Learn morpheme card remains available. For this selected vocabulary level, all authored examples are protected, so the card displays its no-examples message. Treat this as example-coverage information rather than an unavailable Student Digital activity."
INFO,student-digital-learn-example-subpool-empty-after-protection,assistant,Learn · suffixes · Flight C · target:ant-ent-agent · vocab:familiar,"The Learn morpheme card remains available. For this selected vocabulary level, all authored examples are protected, so the card displays its no-examples message. Treat this as example-coverage information rather than an unavailable Student Digital activity."
INFO,student-digital-runtime-pool-intentionally-unavailable,,Build Words · prefix+root · Flight B · vocab:familiar,Intentional N/A: no approved unprotected familiar Flight B word currently provides a clean canonical Prefix + Root build. Transparent prefix + ordinary-base words are not substituted because this path is explicitly labeled Prefix + Root.
INFO,student-digital-runtime-pool-intentionally-unavailable,,Use It · prefix+root · Flight B · vocab:familiar,Intentional N/A downstream of the corresponding Prefix + Root Build Words pool; Use It begins with the active Build pool.
INFO,protected-word-authored-but-filtered,unhappy,Flight A Digital Learn,Protected word remains authored in the digital source but is classified as runtime-filtered. Keep the protection gate intact.
INFO,protected-word-authored-but-filtered,unfair,Flight A Digital Learn,Protected word remains authored in the digital source but is classified as runtime-filtered. Keep the protection gate intact.
INFO,protected-word-authored-but-filtered,rebuild,Flight A Digital Learn,Protected word remains authored in the digital source but is classified as runtime-filtered. Keep the protection gate intact.
INFO,protected-word-authored-but-filtered,reread,Flight A Digital Learn,Protected word remains authored in the digital source but is classified as runtime-filtered. Keep the protection gate intact.
INFO,protected-word-authored-but-filtered,inactive,Flight B Digital Learn,Protected word remains authored in the digital source but is classified as runtime-filtered. Keep the protection gate intact.
INFO,protected-word-authored-but-filtered,impossible,Flight B Digital Learn,Protected word remains authored in the digital source but is classified as runtime-filtered. Keep the protection gate intact.
INFO,protected-word-authored-but-filtered,disagree,Flight A Digital Learn,Protected word remains authored in the digital source but is classified as runtime-filtered. Keep the protection gate intact.
INFO,protected-word-authored-but-filtered,import,Flight B Digital Learn,Protected word remains authored in the digital source but is classified as runtime-filtered. Keep the protection gate intact.
INFO,protected-word-authored-but-filtered,overcook,Flight A Digital Learn,Protected word remains authored in the digital source but is classified as runtime-filtered. Keep the protection gate intact.
INFO,protected-word-authored-but-filtered,preview,Flight A Digital Learn,Protected word remains authored in the digital source but is classified as runtime-filtered. Keep the protection gate intact.
INFO,protected-word-authored-but-filtered,preheat,Flight A Digital Learn,Protected word remains authored in the digital source but is classified as runtime-filtered. Keep the protection gate intact.
INFO,protected-word-authored-but-filtered,transport,Flight B Digital Learn,Protected word remains authored in the digital source but is classified as runtime-filtered. Keep the protection gate intact.
INFO,protected-word-authored-but-filtered,semicircle,Flight B Digital Learn,Protected word remains authored in the digital source but is classified as runtime-filtered. Keep the protection gate intact.
INFO,protected-word-authored-but-filtered,midpoint,Flight A Digital Learn,Protected word remains authored in the digital source but is classified as runtime-filtered. Keep the protection gate intact.
INFO,protected-word-authored-but-filtered,abduct,Flight C Digital Learn,Protected word remains authored in the digital source but is classified as runtime-filtered. Keep the protection gate intact.
INFO,protected-word-authored-but-filtered,abnormal,Flight C Digital Learn,Protected word remains authored in the digital source but is classified as runtime-filtered. Keep the protection gate intact.
INFO,protected-word-authored-but-filtered,emit,Flight B Digital Learn,Protected word remains authored in the digital source but is classified as runtime-filtered. Keep the protection gate intact.
INFO,protected-word-authored-but-filtered,export,Flight B Digital Learn,Protected word remains authored in the digital source but is classified as runtime-filtered. Keep the protection gate intact.
INFO,protected-word-authored-but-filtered,exhale,Flight B Digital Learn,Protected word remains authored in the digital source but is classified as runtime-filtered. Keep the protection gate intact.
INFO,protected-word-authored-but-filtered,retrospective,Flight C Digital Learn,Protected word remains authored in the digital source but is classified as runtime-filtered. Keep the protection gate intact.
INFO,protected-word-authored-but-filtered,retroactive,Flight C Digital Learn,Protected word remains authored in the digital source but is classified as runtime-filtered. Keep the protection gate intact.
INFO,protected-word-authored-but-filtered,biology,Flight B Digital Learn,Protected word remains authored in the digital source but is classified as runtime-filtered. Keep the protection gate intact.
INFO,protected-word-authored-but-filtered,chronology,Flight C Digital Learn,Protected word remains authored in the digital source but is classified as runtime-filtered. Keep the protection gate intact.
INFO,protected-word-authored-but-filtered,produce,Flight C Digital Learn,Protected word remains authored in the digital source but is classified as runtime-filtered. Keep the protection gate intact.
INFO,protected-word-authored-but-filtered,reject,Flight C Digital Learn,Protected word remains authored in the digital source but is classified as runtime-filtered. Keep the protection gate intact.
INFO,protected-word-authored-but-filtered,eject,Flight C Digital Learn,Protected word remains authored in the digital source but is classified as runtime-filtered. Keep the protection gate intact.
INFO,protected-word-authored-but-filtered,transmit,Flight C Digital Learn,Protected word remains authored in the digital source but is classified as runtime-filtered. Keep the protection gate intact.
INFO,protected-word-authored-but-filtered,emit,Flight C Digital Learn,Protected word remains authored in the digital source but is classified as runtime-filtered. Keep the protection gate intact.
INFO,protected-word-authored-but-filtered,transport,Flight B Digital Learn,Protected word remains authored in the digital source but is classified as runtime-filtered. Keep the protection gate intact.
INFO,protected-word-authored-but-filtered,portable,Flight B Digital Learn,Protected word remains authored in the digital source but is classified as runtime-filtered. Keep the protection gate intact.
INFO,protected-word-authored-but-filtered,import,Flight B Digital Learn,Protected word remains authored in the digital source but is classified as runtime-filtered. Keep the protection gate intact.
INFO,protected-word-authored-but-filtered,interrupt,Flight B Digital Learn,Protected word remains authored in the digital source but is classified as runtime-filtered. Keep the protection gate intact.
INFO,protected-word-authored-but-filtered,disrupt,Flight B Digital Learn,Protected word remains authored in the digital source but is classified as runtime-filtered. Keep the protection gate intact.
INFO,protected-word-authored-but-filtered,manuscript,Flight B Digital Learn,Protected word remains authored in the digital source but is classified as runtime-filtered. Keep the protection gate intact.
INFO,protected-word-authored-but-filtered,subsequent,Flight C Digital Learn,Protected word remains authored in the digital source but is classified as runtime-filtered. Keep the protection gate intact.
INFO,protected-word-authored-but-filtered,inspect,Flight B Digital Learn,Protected word remains authored in the digital source but is classified as runtime-filtered. Keep the protection gate intact.
INFO,protected-word-authored-but-filtered,spectator,Flight B Digital Learn,Protected word remains authored in the digital source but is classified as runtime-filtered. Keep the protection gate intact.
INFO,protected-word-authored-but-filtered,inspector,Flight B Digital Learn,Protected word remains authored in the digital source but is classified as runtime-filtered. Keep the protection gate intact.
INFO,protected-word-authored-but-filtered,evaluate,Flight C Digital Learn,Protected word remains authored in the digital source but is classified as runtime-filtered. Keep the protection gate intact.
INFO,protected-word-authored-but-filtered,intervene,Flight C Digital Learn,Protected word remains authored in the digital source but is classified as runtime-filtered. Keep the protection gate intact.
INFO,protected-word-authored-but-filtered,inactive,Flight B Digital Learn,Protected word remains authored in the digital source but is classified as runtime-filtered. Keep the protection gate intact.
INFO,protected-word-authored-but-filtered,audible,Flight C Digital Learn,Protected word remains authored in the digital source but is classified as runtime-filtered. Keep the protection gate intact.
INFO,protected-word-authored-but-filtered,visible,Flight B Digital Learn,Protected word remains authored in the digital source but is classified as runtime-filtered. Keep the protection gate intact.
INFO,protected-word-authored-but-filtered,thermometer,Flight B Digital Learn,Protected word remains authored in the digital source but is classified as runtime-filtered. Keep the protection gate intact.
INFO,protected-word-authored-but-filtered,thermometer,Flight B Digital Learn,Protected word remains authored in the digital source but is classified as runtime-filtered. Keep the protection gate intact.
INFO,protected-word-authored-but-filtered,acceptance,Flight C Digital Learn,Protected word remains authored in the digital source but is classified as runtime-filtered. Keep the protection gate intact.
INFO,protected-word-authored-but-filtered,poetic,Flight B Digital Learn,Protected word remains authored in the digital source but is classified as runtime-filtered. Keep the protection gate intact.
INFO,protected-word-authored-but-filtered,modernize,Flight B Digital Learn,Protected word remains authored in the digital source but is classified as runtime-filtered. Keep the protection gate intact.
INFO,protected-word-authored-but-filtered,kindness,Flight A Digital Learn,Protected word remains authored in the digital source but is classified as runtime-filtered. Keep the protection gate intact.
INFO,protected-word-authored-but-filtered,biology,Flight B Digital Learn,Protected word remains authored in the digital source but is classified as runtime-filtered. Keep the protection gate intact.
INFO,protected-word-authored-but-filtered,portable,Flight A Digital Learn,Protected word remains authored in the digital source but is classified as runtime-filtered. Keep the protection gate intact.
INFO,protected-word-authored-but-filtered,readable,Flight A Digital Learn,Protected word remains authored in the digital source but is classified as runtime-filtered. Keep the protection gate intact.
INFO,protected-word-authored-but-filtered,visible,Flight A Digital Learn,Protected word remains authored in the digital source but is classified as runtime-filtered. Keep the protection gate intact.
INFO,protected-word-authored-but-filtered,teacher,Flight A Digital Learn,Protected word remains authored in the digital source but is classified as runtime-filtered. Keep the protection gate intact.
INFO,protected-word-authored-but-filtered,inspector,Flight A Digital Learn,Protected word remains authored in the digital source but is classified as runtime-filtered. Keep the protection gate intact.
INFO,protected-word-authored-but-filtered,helpful,Flight A Digital Learn,Protected word remains authored in the digital source but is classified as runtime-filtered. Keep the protection gate intact.
INFO,protected-word-authored-but-filtered,hopeful,Flight A Digital Learn,Protected word remains authored in the digital source but is classified as runtime-filtered. Keep the protection gate intact.
INFO,protected-word-authored-but-filtered,construction,Flight A Digital Learn,Protected word remains authored in the digital source but is classified as runtime-filtered. Keep the protection gate intact.
INFO,protected-word-authored-but-filtered,hopeless,Flight A Digital Learn,Protected word remains authored in the digital source but is classified as runtime-filtered. Keep the protection gate intact.
INFO,protected-word-authored-but-filtered,careless,Flight A Digital Learn,Protected word remains authored in the digital source but is classified as runtime-filtered. Keep the protection gate intact.
INFO,protected-word-authored-but-filtered,fearless,Flight A Digital Learn,Protected word remains authored in the digital source but is classified as runtime-filtered. Keep the protection gate intact.
INFO,protected-word-authored-but-filtered,assistant,Flight C Digital Learn,Protected word remains authored in the digital source but is classified as runtime-filtered. Keep the protection gate intact.
INFO,protected-word-authored-but-filtered,dependent,Flight C Digital Learn,Protected word remains authored in the digital source but is classified as runtime-filtered. Keep the protection gate intact.
INFO,protected-word-authored-but-filtered,preview,Flight A Digital Find,Protected word remains authored in the digital source but is classified as runtime-filtered. Keep the protection gate intact.
INFO,protected-word-authored-but-filtered,rebuild,Flight A Digital Find,Protected word remains authored in the digital source but is classified as runtime-filtered. Keep the protection gate intact.
INFO,protected-word-authored-but-filtered,unhappy,Flight A Digital Find,Protected word remains authored in the digital source but is classified as runtime-filtered. Keep the protection gate intact.
INFO,protected-word-authored-but-filtered,impossible,Flight B Digital Find,Protected word remains authored in the digital source but is classified as runtime-filtered. Keep the protection gate intact.
INFO,protected-word-authored-but-filtered,inactive,Flight B Digital Find,Protected word remains authored in the digital source but is classified as runtime-filtered. Keep the protection gate intact.
INFO,protected-word-authored-but-filtered,transport,Flight B Digital Find,Protected word remains authored in the digital source but is classified as runtime-filtered. Keep the protection gate intact.
INFO,protected-word-authored-but-filtered,semicircle,Flight B Digital Find,Protected word remains authored in the digital source but is classified as runtime-filtered. Keep the protection gate intact.
INFO,protected-word-authored-but-filtered,exhale,Flight B Digital Find,Protected word remains authored in the digital source but is classified as runtime-filtered. Keep the protection gate intact.
INFO,protected-word-authored-but-filtered,biology,Flight B Digital Find,Protected word remains authored in the digital source but is classified as runtime-filtered. Keep the protection gate intact.
INFO,protected-word-authored-but-filtered,chronology,Flight C Digital Find,Protected word remains authored in the digital source but is classified as runtime-filtered. Keep the protection gate intact.
INFO,protected-word-authored-but-filtered,transmit,Flight C Digital Find,Protected word remains authored in the digital source but is classified as runtime-filtered. Keep the protection gate intact.
INFO,protected-word-authored-but-filtered,portable,Flight B Digital Find,Protected word remains authored in the digital source but is classified as runtime-filtered. Keep the protection gate intact.
INFO,protected-word-authored-but-filtered,manuscript,Flight B Digital Find,Protected word remains authored in the digital source but is classified as runtime-filtered. Keep the protection gate intact.
INFO,protected-word-authored-but-filtered,inspect,Flight B Digital Find,Protected word remains authored in the digital source but is classified as runtime-filtered. Keep the protection gate intact.
INFO,protected-word-authored-but-filtered,inactive,Flight B Digital Find,Protected word remains authored in the digital source but is classified as runtime-filtered. Keep the protection gate intact.
INFO,protected-word-authored-but-filtered,audible,Flight C Digital Find,Protected word remains authored in the digital source but is classified as runtime-filtered. Keep the protection gate intact.
INFO,protected-word-authored-but-filtered,visible,Flight B Digital Find,Protected word remains authored in the digital source but is classified as runtime-filtered. Keep the protection gate intact.
INFO,protected-word-authored-but-filtered,transport,Flight B Digital Find,Protected word remains authored in the digital source but is classified as runtime-filtered. Keep the protection gate intact.
INFO,protected-word-authored-but-filtered,dictate,Flight B Digital Find,Protected word remains authored in the digital source but is classified as runtime-filtered. Keep the protection gate intact.
INFO,protected-word-authored-but-filtered,reject,Flight C Digital Find,Protected word remains authored in the digital source but is classified as runtime-filtered. Keep the protection gate intact.
INFO,protected-word-authored-but-filtered,construction,Flight C Digital Find,Protected word remains authored in the digital source but is classified as runtime-filtered. Keep the protection gate intact.
INFO,protected-word-authored-but-filtered,emit,Flight C Digital Find,Protected word remains authored in the digital source but is classified as runtime-filtered. Keep the protection gate intact.
INFO,protected-word-authored-but-filtered,auditory,Flight C Digital Find,Protected word remains authored in the digital source but is classified as runtime-filtered. Keep the protection gate intact.
INFO,protected-word-authored-but-filtered,portable,Flight B Digital Find,Protected word remains authored in the digital source but is classified as runtime-filtered. Keep the protection gate intact.
INFO,protected-word-authored-but-filtered,visible,Flight B Digital Find,Protected word remains authored in the digital source but is classified as runtime-filtered. Keep the protection gate intact.
INFO,protected-word-authored-but-filtered,teacher,Flight A Digital Find,Protected word remains authored in the digital source but is classified as runtime-filtered. Keep the protection gate intact.
INFO,protected-word-authored-but-filtered,inspector,Flight B Digital Find,Protected word remains authored in the digital source but is classified as runtime-filtered. Keep the protection gate intact.
INFO,protected-word-authored-but-filtered,helpful,Flight A Digital Find,Protected word remains authored in the digital source but is classified as runtime-filtered. Keep the protection gate intact.
INFO,protected-word-authored-but-filtered,construction,Flight C Digital Find,Protected word remains authored in the digital source but is classified as runtime-filtered. Keep the protection gate intact.
INFO,protected-word-authored-but-filtered,hopeless,Flight A Digital Find,Protected word remains authored in the digital source but is classified as runtime-filtered. Keep the protection gate intact.
INFO,protected-word-authored-but-filtered,preview,Flight A Digital Figure It Out,Protected word remains authored in the digital source but is classified as runtime-filtered. Keep the protection gate intact.
INFO,protected-word-authored-but-filtered,rebuild,Flight A Digital Figure It Out,Protected word remains authored in the digital source but is classified as runtime-filtered. Keep the protection gate intact.
INFO,protected-word-authored-but-filtered,miscalculate,Flight B Digital Figure It Out,Protected word remains authored in the digital source but is classified as runtime-filtered. Keep the protection gate intact.
INFO,protected-word-authored-but-filtered,transport,Flight B Digital Figure It Out,Protected word remains authored in the digital source but is classified as runtime-filtered. Keep the protection gate intact.
INFO,protected-word-authored-but-filtered,abduct,Flight C Digital Figure It Out,Protected word remains authored in the digital source but is classified as runtime-filtered. Keep the protection gate intact.
INFO,protected-word-authored-but-filtered,export,Flight B Digital Figure It Out,Protected word remains authored in the digital source but is classified as runtime-filtered. Keep the protection gate intact.
INFO,protected-word-authored-but-filtered,spectator,Flight B Digital Figure It Out,Protected word remains authored in the digital source but is classified as runtime-filtered. Keep the protection gate intact.
INFO,protected-word-authored-but-filtered,disrupt,Flight B Digital Figure It Out,Protected word remains authored in the digital source but is classified as runtime-filtered. Keep the protection gate intact.
INFO,protected-word-authored-but-filtered,portable,Flight B Digital Figure It Out,Protected word remains authored in the digital source but is classified as runtime-filtered. Keep the protection gate intact.
INFO,protected-word-authored-but-filtered,subsequent,Flight C Digital Figure It Out,Protected word remains authored in the digital source but is classified as runtime-filtered. Keep the protection gate intact.
INFO,protected-word-authored-but-filtered,dictate,Flight B Digital Figure It Out,Protected word remains authored in the digital source but is classified as runtime-filtered. Keep the protection gate intact.
INFO,protected-word-authored-but-filtered,reconstruct,Flight B Digital Figure It Out,Protected word remains authored in the digital source but is classified as runtime-filtered. Keep the protection gate intact.
INFO,protected-word-authored-but-filtered,auditory,Flight C Digital Figure It Out,Protected word remains authored in the digital source but is classified as runtime-filtered. Keep the protection gate intact.
INFO,protected-word-authored-but-filtered,chronology,Flight C Digital Figure It Out,Protected word remains authored in the digital source but is classified as runtime-filtered. Keep the protection gate intact.
INFO,protected-word-authored-but-filtered,abduct,Flight C Digital Figure It Out,Protected word remains authored in the digital source but is classified as runtime-filtered. Keep the protection gate intact.
INFO,protected-word-authored-but-filtered,reject,Flight C Digital Figure It Out,Protected word remains authored in the digital source but is classified as runtime-filtered. Keep the protection gate intact.
INFO,protected-word-authored-but-filtered,transmit,Flight C Digital Figure It Out,Protected word remains authored in the digital source but is classified as runtime-filtered. Keep the protection gate intact.
INFO,protected-word-authored-but-filtered,retractable,Flight C Digital Figure It Out,Protected word remains authored in the digital source but is classified as runtime-filtered. Keep the protection gate intact.
INFO,protected-word-authored-but-filtered,washable,Flight A Digital Figure It Out,Protected word remains authored in the digital source but is classified as runtime-filtered. Keep the protection gate intact.
INFO,protected-word-authored-but-filtered,visible,Flight B Digital Figure It Out,Protected word remains authored in the digital source but is classified as runtime-filtered. Keep the protection gate intact.
INFO,protected-word-authored-but-filtered,hopeful,Flight A Digital Figure It Out,Protected word remains authored in the digital source but is classified as runtime-filtered. Keep the protection gate intact.
INFO,protected-word-authored-but-filtered,fearless,Flight A Digital Figure It Out,Protected word remains authored in the digital source but is classified as runtime-filtered. Keep the protection gate intact.
INFO,protected-word-authored-but-filtered,teacher,Flight A Digital Figure It Out,Protected word remains authored in the digital source but is classified as runtime-filtered. Keep the protection gate intact.
INFO,protected-word-authored-but-filtered,inspector,Flight B Digital Figure It Out,Protected word remains authored in the digital source but is classified as runtime-filtered. Keep the protection gate intact.
INFO,protected-word-authored-but-filtered,construction,Flight C Digital Figure It Out,Protected word remains authored in the digital source but is classified as runtime-filtered. Keep the protection gate intact.
INFO,protected-word-authored-but-filtered,unhappy,Flight A Digital Figure It Out,Protected word remains authored in the digital source but is classified as runtime-filtered. Keep the protection gate intact.
INFO,protected-word-authored-but-filtered,disagree,Flight A Digital Figure It Out,Protected word remains authored in the digital source but is classified as runtime-filtered. Keep the protection gate intact.
INFO,protected-word-authored-but-filtered,manuscript,Flight B Digital Figure It Out,Protected word remains authored in the digital source but is classified as runtime-filtered. Keep the protection gate intact.
INFO,protected-word-authored-but-filtered,overcook,Flight A Digital Figure It Out,Protected word remains authored in the digital source but is classified as runtime-filtered. Keep the protection gate intact.
INFO,protected-word-authored-but-filtered,midpoint,Flight A Digital Figure It Out,Protected word remains authored in the digital source but is classified as runtime-filtered. Keep the protection gate intact.
INFO,protected-word-authored-but-filtered,phonology,Flight B Digital Figure It Out,Protected word remains authored in the digital source but is classified as runtime-filtered. Keep the protection gate intact.
INFO,protected-word-authored-but-filtered,retrospect,Flight C Digital Figure It Out,Protected word remains authored in the digital source but is classified as runtime-filtered. Keep the protection gate intact.
INFO,protected-word-authored-but-filtered,retroactive,Flight C Digital Figure It Out,Protected word remains authored in the digital source but is classified as runtime-filtered. Keep the protection gate intact.
INFO,protected-word-authored-but-filtered,dermatitis,Flight C Digital Figure It Out,Protected word remains authored in the digital source but is classified as runtime-filtered. Keep the protection gate intact.
INFO,protected-word-authored-but-filtered,assistant,Flight C Digital Figure It Out,Protected word remains authored in the digital source but is classified as runtime-filtered. Keep the protection gate intact.
INFO,protected-word-authored-but-filtered,dependent,Flight C Digital Figure It Out,Protected word remains authored in the digital source but is classified as runtime-filtered. Keep the protection gate intact.
INFO,protected-word-authored-but-filtered,detract,Flight C Digital Figure It Out,Protected word remains authored in the digital source but is classified as runtime-filtered. Keep the protection gate intact.
INFO,protected-word-authored-but-filtered,interrupt,Flight B Digital Build Words,Protected word remains authored in the digital source but is classified as runtime-filtered. Keep the protection gate intact.
INFO,protected-word-authored-but-filtered,import,Flight B Digital Build Words,Protected word remains authored in the digital source but is classified as runtime-filtered. Keep the protection gate intact.
INFO,protected-word-authored-but-filtered,reject,Flight C Digital Build Words,Protected word remains authored in the digital source but is classified as runtime-filtered. Keep the protection gate intact.
INFO,protected-word-authored-but-filtered,emit,Flight C Digital Build Words,Protected word remains authored in the digital source but is classified as runtime-filtered. Keep the protection gate intact.
INFO,protected-word-authored-but-filtered,transmit,Flight C Digital Build Words,Protected word remains authored in the digital source but is classified as runtime-filtered. Keep the protection gate intact.
INFO,protected-word-authored-but-filtered,inspect,Flight B Digital Build Words,Protected word remains authored in the digital source but is classified as runtime-filtered. Keep the protection gate intact.
INFO,protected-word-authored-but-filtered,abduct,Flight C Digital Build Words,Protected word remains authored in the digital source but is classified as runtime-filtered. Keep the protection gate intact.
INFO,protected-word-authored-but-filtered,portable,Flight B Digital Build Words,Protected word remains authored in the digital source but is classified as runtime-filtered. Keep the protection gate intact.
INFO,protected-word-authored-but-filtered,readable,Flight A Digital Build Words,Protected word remains authored in the digital source but is classified as runtime-filtered. Keep the protection gate intact.
INFO,protected-word-authored-but-filtered,visible,Flight B Digital Build Words,Protected word remains authored in the digital source but is classified as runtime-filtered. Keep the protection gate intact.
INFO,protected-word-authored-but-filtered,teacher,Flight A Digital Build Words,Protected word remains authored in the digital source but is classified as runtime-filtered. Keep the protection gate intact.
INFO,protected-word-authored-but-filtered,inspector,Flight B Digital Build Words,Protected word remains authored in the digital source but is classified as runtime-filtered. Keep the protection gate intact.
INFO,protected-word-authored-but-filtered,helpful,Flight A Digital Build Words,Protected word remains authored in the digital source but is classified as runtime-filtered. Keep the protection gate intact.
INFO,protected-word-authored-but-filtered,hopeless,Flight A Digital Build Words,Protected word remains authored in the digital source but is classified as runtime-filtered. Keep the protection gate intact.
INFO,protected-word-authored-but-filtered,kindness,Flight A Digital Build Words,Protected word remains authored in the digital source but is classified as runtime-filtered. Keep the protection gate intact.
INFO,protected-word-authored-but-filtered,poetic,Flight B Digital Build Words,Protected word remains authored in the digital source but is classified as runtime-filtered. Keep the protection gate intact.
INFO,protected-word-authored-but-filtered,modernize,Flight B Digital Build Words,Protected word remains authored in the digital source but is classified as runtime-filtered. Keep the protection gate intact.
INFO,protected-word-authored-but-filtered,classify,Flight B Digital Build Words,Protected word remains authored in the digital source but is classified as runtime-filtered. Keep the protection gate intact.
INFO,protected-word-authored-but-filtered,audible,Flight C Digital Build Words,Protected word remains authored in the digital source but is classified as runtime-filtered. Keep the protection gate intact.
INFO,protected-word-authored-but-filtered,chronology,Flight C Digital Build Words,Protected word remains authored in the digital source but is classified as runtime-filtered. Keep the protection gate intact.
INFO,protected-word-authored-but-filtered,inactive,Flight B Digital Build Words,Protected word remains authored in the digital source but is classified as runtime-filtered. Keep the protection gate intact.
INFO,protected-word-authored-but-filtered,inspector,Flight B Digital Build Words,Protected word remains authored in the digital source but is classified as runtime-filtered. Keep the protection gate intact.
INFO,protected-word-authored-but-filtered,interrupt,Flight B Digital Use It,Protected word remains authored in the digital source but is classified as runtime-filtered. Keep the protection gate intact.
INFO,protected-word-authored-but-filtered,import,Flight B Digital Use It,Protected word remains authored in the digital source but is classified as runtime-filtered. Keep the protection gate intact.
INFO,protected-word-authored-but-filtered,reject,Flight C Digital Use It,Protected word remains authored in the digital source but is classified as runtime-filtered. Keep the protection gate intact.
INFO,protected-word-authored-but-filtered,emit,Flight C Digital Use It,Protected word remains authored in the digital source but is classified as runtime-filtered. Keep the protection gate intact.
INFO,protected-word-authored-but-filtered,transmit,Flight C Digital Use It,Protected word remains authored in the digital source but is classified as runtime-filtered. Keep the protection gate intact.
INFO,protected-word-authored-but-filtered,helpful,Flight A Digital Use It,Protected word remains authored in the digital source but is classified as runtime-filtered. Keep the protection gate intact.
INFO,protected-word-authored-but-filtered,careless,Flight A Digital Use It,Protected word remains authored in the digital source but is classified as runtime-filtered. Keep the protection gate intact.
INFO,protected-word-authored-but-filtered,kindness,Flight A Digital Use It,Protected word remains authored in the digital source but is classified as runtime-filtered. Keep the protection gate intact.
INFO,protected-word-authored-but-filtered,audible,Flight C Digital Use It,Protected word remains authored in the digital source but is classified as runtime-filtered. Keep the protection gate intact.
INFO,protected-word-authored-but-filtered,construction,Flight C Digital Use It,Protected word remains authored in the digital source but is classified as runtime-filtered. Keep the protection gate intact.
INFO,protected-word-authored-but-filtered,disruptive,Flight B Digital Use It,Protected word remains authored in the digital source but is classified as runtime-filtered. Keep the protection gate intact.
INFO,protected-word-authored-but-filtered,inactive,Flight B Digital Use It,Protected word remains authored in the digital source but is classified as runtime-filtered. Keep the protection gate intact.
INFO,protected-word-authored-but-filtered,inspector,Flight B Digital Use It,Protected word remains authored in the digital source but is classified as runtime-filtered. Keep the protection gate intact.
INFO,protected-word-authored-but-filtered,inspector,Flight B Digital Use It,Protected word remains authored in the digital source but is classified as runtime-filtered. Keep the protection gate intact.
INFO,protected-word-authored-but-filtered,dependent,Flight C Digital Use It,Protected word remains authored in the digital source but is classified as runtime-filtered. Keep the protection gate intact.
INFO,protected-word-authored-but-filtered,portable,Flight B Digital Use It,Protected word remains authored in the digital source but is classified as runtime-filtered. Keep the protection gate intact.
INFO,protected-word-authored-but-filtered,readable,Flight A Digital Use It,Protected word remains authored in the digital source but is classified as runtime-filtered. Keep the protection gate intact.
INFO,protected-word-authored-but-filtered,visible,Flight B Digital Use It,Protected word remains authored in the digital source but is classified as runtime-filtered. Keep the protection gate intact.
INFO,protected-word-authored-but-filtered,teacher,Flight A Digital Use It,Protected word remains authored in the digital source but is classified as runtime-filtered. Keep the protection gate intact.
INFO,protected-word-authored-but-filtered,hopeless,Flight A Digital Use It,Protected word remains authored in the digital source but is classified as runtime-filtered. Keep the protection gate intact.
INFO,protected-word-authored-but-filtered,poetic,Flight B Digital Use It,Protected word remains authored in the digital source but is classified as runtime-filtered. Keep the protection gate intact.
INFO,protected-word-authored-but-filtered,modernize,Flight B Digital Use It,Protected word remains authored in the digital source but is classified as runtime-filtered. Keep the protection gate intact.
INFO,protected-word-authored-but-filtered,classify,Flight B Digital Use It,Protected word remains authored in the digital source but is classified as runtime-filtered. Keep the protection gate intact.
INFO,protected-word-authored-but-filtered,chronology,Flight C Digital Use It,Protected word remains authored in the digital source but is classified as runtime-filtered. Keep the protection gate intact.
INFO,protected-source-word-outside-master-inventory,disruptive,Student Digital,Authored digital word is outside the master inventory but is fully blocked at runtime by protection/question filtering. Treat as source-hygiene evidence rather than a live canonical inventory gap.
INFO,change-it-local-family-word,act,Student Digital Change It,Change It-local family/base word is intentionally authored in the Change It family source. It is not automatically a canonical master-inventory gap.
INFO,change-it-local-family-word,actively,Student Digital Change It,Change It-local family/base word is intentionally authored in the Change It family source. It is not automatically a canonical master-inventory gap.
INFO,change-it-local-family-word,quick,Student Digital Change It,Change It-local family/base word is intentionally authored in the Change It family source. It is not automatically a canonical master-inventory gap.
INFO,change-it-local-family-word,quicker,Student Digital Change It,Change It-local family/base word is intentionally authored in the Change It family source. It is not automatically a canonical master-inventory gap.
INFO,change-it-local-family-word,quickness,Student Digital Change It,Change It-local family/base word is intentionally authored in the Change It family source. It is not automatically a canonical master-inventory gap.
INFO,change-it-local-family-word,jump,Student Digital Change It,Change It-local family/base word is intentionally authored in the Change It family source. It is not automatically a canonical master-inventory gap.
INFO,change-it-local-family-word,jumper,Student Digital Change It,Change It-local family/base word is intentionally authored in the Change It family source. It is not automatically a canonical master-inventory gap.
INFO,change-it-local-family-word,book,Student Digital Change It,Change It-local family/base word is intentionally authored in the Change It family source. It is not automatically a canonical master-inventory gap.
INFO,change-it-local-family-word,booked,Student Digital Change It,Change It-local family/base word is intentionally authored in the Change It family source. It is not automatically a canonical master-inventory gap.
INFO,change-it-local-family-word,booking,Student Digital Change It,Change It-local family/base word is intentionally authored in the Change It family source. It is not automatically a canonical master-inventory gap.
INFO,change-it-local-family-word,box,Student Digital Change It,Change It-local family/base word is intentionally authored in the Change It family source. It is not automatically a canonical master-inventory gap.
INFO,change-it-local-family-word,boxed,Student Digital Change It,Change It-local family/base word is intentionally authored in the Change It family source. It is not automatically a canonical master-inventory gap.
INFO,change-it-local-family-word,boxing,Student Digital Change It,Change It-local family/base word is intentionally authored in the Change It family source. It is not automatically a canonical master-inventory gap.
INFO,change-it-local-family-word,tall,Student Digital Change It,Change It-local family/base word is intentionally authored in the Change It family source. It is not automatically a canonical master-inventory gap.
INFO,change-it-local-family-word,tallness,Student Digital Change It,Change It-local family/base word is intentionally authored in the Change It family source. It is not automatically a canonical master-inventory gap.
INFO,change-it-local-family-word,fast,Student Digital Change It,Change It-local family/base word is intentionally authored in the Change It family source. It is not automatically a canonical master-inventory gap.
INFO,change-it-local-family-word,fastness,Student Digital Change It,Change It-local family/base word is intentionally authored in the Change It family source. It is not automatically a canonical master-inventory gap.
INFO,change-it-local-family-word,move,Student Digital Change It,Change It-local family/base word is intentionally authored in the Change It family source. It is not automatically a canonical master-inventory gap.
INFO,digital-word-approved-alternate-source,moving,Student Digital,"Digital word is not a master-word-inventory row, but it is supplied through the approved teacher-word-extension source. Do not create a duplicate master entry solely for this reason."
INFO,digital-word-approved-alternate-source,movable,Student Digital,"Digital word is not a master-word-inventory row, but it is supplied through the approved teacher-word-extension source. Do not create a duplicate master entry solely for this reason."
INFO,change-it-local-family-word,danger,Student Digital Change It,Change It-local family/base word is intentionally authored in the Change It family source. It is not automatically a canonical master-inventory gap.
INFO,change-it-local-family-word,dangerously,Student Digital Change It,Change It-local family/base word is intentionally authored in the Change It family source. It is not automatically a canonical master-inventory gap.
INFO,change-it-local-family-word,endanger,Student Digital Change It,Change It-local family/base word is intentionally authored in the Change It family source. It is not automatically a canonical master-inventory gap.
INFO,change-it-local-family-word,music,Student Digital Change It,Change It-local family/base word is intentionally authored in the Change It family source. It is not automatically a canonical master-inventory gap.
INFO,change-it-local-family-word,musician,Student Digital Change It,Change It-local family/base word is intentionally authored in the Change It family source. It is not automatically a canonical master-inventory gap.
INFO,change-it-local-family-word,musically,Student Digital Change It,Change It-local family/base word is intentionally authored in the Change It family source. It is not automatically a canonical master-inventory gap.
INFO,change-it-local-family-word,art,Student Digital Change It,Change It-local family/base word is intentionally authored in the Change It family source. It is not automatically a canonical master-inventory gap.
INFO,change-it-local-family-word,artistic,Student Digital Change It,Change It-local family/base word is intentionally authored in the Change It family source. It is not automatically a canonical master-inventory gap.
INFO,change-it-local-family-word,artistically,Student Digital Change It,Change It-local family/base word is intentionally authored in the Change It family source. It is not automatically a canonical master-inventory gap.
INFO,change-it-local-family-word,credibly,Student Digital Change It,Change It-local family/base word is intentionally authored in the Change It family source. It is not automatically a canonical master-inventory gap.
INFO,change-it-local-family-word,persist,Student Digital Change It,Change It-local family/base word is intentionally authored in the Change It family source. It is not automatically a canonical master-inventory gap.
INFO,change-it-local-family-word,persistent,Student Digital Change It,Change It-local family/base word is intentionally authored in the Change It family source. It is not automatically a canonical master-inventory gap.
INFO,change-it-local-family-word,persistently,Student Digital Change It,Change It-local family/base word is intentionally authored in the Change It family source. It is not automatically a canonical master-inventory gap.
INFO,change-it-local-family-word,perform,Student Digital Change It,Change It-local family/base word is intentionally authored in the Change It family source. It is not automatically a canonical master-inventory gap.
INFO,change-it-local-family-word,performer,Student Digital Change It,Change It-local family/base word is intentionally authored in the Change It family source. It is not automatically a canonical master-inventory gap.
INFO,change-it-local-family-word,performing,Student Digital Change It,Change It-local family/base word is intentionally authored in the Change It family source. It is not automatically a canonical master-inventory gap.
INFO,change-it-local-family-word,exist,Student Digital Change It,Change It-local family/base word is intentionally authored in the Change It family source. It is not automatically a canonical master-inventory gap.
INFO,change-it-local-family-word,existing,Student Digital Change It,Change It-local family/base word is intentionally authored in the Change It family source. It is not automatically a canonical master-inventory gap.
INFO,change-it-local-family-word,existent,Student Digital Change It,Change It-local family/base word is intentionally authored in the Change It family source. It is not automatically a canonical master-inventory gap.
INFO,change-it-local-family-word,vocally,Student Digital Change It,Change It-local family/base word is intentionally authored in the Change It family source. It is not automatically a canonical master-inventory gap.
